0,1,2,3,4,5,6,7,8,9,10,11,12,13,14,15,16,17,18,19,20,21,22,23,24,25,26,27,28,29,30,31,32,33,34,35,36,37,38,39,40,41,42,43,44,45,46,47,48,49,50,51,52,53,54,55,56,57,58,59,60,61,62,63,64,65,66,67,68,69,70,71,72,73,74,75,76,77,78,79,80,81,82,83,84,85,86,87,88,89,90,91,92,93,94,95,96,97,98,99,100,101,102,103,104,105,106,107,108,109,110,111,112,113,114,115,116,117,118,119,120,121,122,123,124,125,126,127,128,129,130,131,132,133,134,135,136,137,138,139,140,141,142,143,144,145,146,147,148,149,150,151,152,153,154,155,156,157,158,159,160,161,162,163,164,165,166,167,168,169,170
0.35937220759313176,0.11907801844819194,0.4678168507416165,8.867458616348967e-09,0.09732239483697214,0.3842547899351634,0.0,0.2745824594519971,0.0,1.1304170859072953,4.206319072566633e-09,1.8682111324932398,0.6378617841397095,0.17765147426786093,0.56889146509514,1.554184915517173,1.135380087468389,0.8870986075920195,0.3847930160302393,6.27018341154556e-09,0.0,0.0,0.09210293866559727,5.542161625460285e-10,0.0,0.6785014892086849,0.43554063274571264,0.8644633556699868,0.11036187094277089,0.0,0.3105706918988378,0.04092229382402279,0.20342745271869495,0.15387981840571435,0.0,0.08099598184488505,0.0,0.09568150557161964,0.15570128156406574,0.23778473178782136,1.3334022879534897,2.6248891948910114e-11,0.2555924663001242,0.6019601729794544,0.0,0.0,0.0,0.2410172877620228,0.45846640695636565,0.0,0.13890494437372145,0.0,0.8267103096812568,0.0,0.0,2.2536757449564,0.0,0.0,0.0,0.0,1.97729067153109,0.0,0.0,0.0,0.44010719143174104,0.7495393486375037,0.0,0.0,0.0,0.0,0.0,0.0,0.0,0.0,0.0,0.0,0.0,0.0,0.0,0.0,0.0,0.0,1.5456429492276638,0.0,0.0,0.0,0.0,0.0,0.6150161476190018,0.0,0.0,0.16205840705063834,0.0,0.0,0.0,0.819136030131594,0.0,0.0,0.0,0.0,0.0,0.0,0.0,0.0,0.0,0.0,0.0,0.0,0.0,0.0,0.0,3.486404593099562,0.0,0.0,0.0,0.0,0.0,0.0,0.0,0.4688615805605903,0.0,0.0,0.0,1.2097950222566114,0.0,2.7056587764572617,1.208572647685246,0.0,0.0,0.0,0.0,0.0,0.0,0.0,0.0,0.2936063024574527,0.0,0.0,0.0,0.0,0.0,0.0,0.0,0.0,0.0,0.0,0.0,0.0,0.0,0.0,0.0,0.0,0.0,0.0,0.0,0.0,0.0,0.0,0.0,0.0,0.0,0.0,0.0,0.0,0.0,0.0,0.0,0.0,0.0,0.0,0.0
0.38893096058989485,1.6688964706688745,0.5316100576599613,0.0,1.6220399139531396,1.164408454340394,0.33656449489462953,0.2600212684127563,0.4671572036009175,0.0,3.1866053580575926e-09,0.0,0.0,1.0093833765369247,0.19589926483382963,0.04528510826737125,0.0,0.0,0.7287746515468057,0.0,1.1724168582791075,1.0195093490139857,0.0,6.297910948825647e-09,0.0,0.0734308971103973,0.2566316859377288,0.561339841347136,2.0065794717165377,0.0469940995873224,1.4337983779288415,0.2385054467816099,1.6181729193451762,1.9995478440194392,0.25212266704097036,0.0,2.1276791334026512,1.402924686132845,0.036577443922986896,0.21196109752179132,0.0,1.3851320133230125,1.1560643858652324,1.1668766430253472,0.9402199176727022,0.27726198249843004,0.0,0.9640691471918142,0.0,0.46131317283646484,0.8149090072295632,0.14307037459276672,0.4108499720840338,0.0,0.0,0.0,0.0,0.0,0.0,0.0,0.0,0.0,0.0,0.0,2.3742624800911436,0.6558469300584321,0.0,0.0,0.0,0.0,0.0,0.965952301872573,0.7551938369014379,0.0,0.0,0.0,0.0,0.0,0.0,0.0,0.0,0.0,0.0,0.0,0.0,0.0,0.0,0.0,0.6112887770273941,0.0,0.0,1.1548126839940114,0.0,0.0,0.0,0.6602732848949143,0.0,0.0,0.0,0.0,0.0,0.0,0.0,0.0,0.0,0.0,0.0,0.0,0.0,0.0,0.0,0.0,0.0,0.0,0.0,0.0,0.0,0.0,0.0,0.5058769684993408,1.1760704219414868,0.0,0.0,0.0,0.0,0.0,1.3039862777650326,0.0,0.0,0.0,0.0,0.0,0.0,0.0,0.0,0.0,0.0,0.0,0.0,0.0,0.0,0.0,0.0,0.0,0.0,0.0,0.0,0.0,0.0,0.0,0.0,0.0,0.0,0.0,0.0,0.0,0.0,0.0,0.0,0.0,0.0,0.0,0.0,0.0,0.0,0.0,0.0,0.0,0.0,0.0,0.0
0.585989313969463,0.02405616534290783,0.6497456260266539,3.1909415474512537e-09,0.0,1.4231658886334677,0.0,0.006933900491049999,0.672706373201969,2.466364551066726,0.0,1.698373756803802,0.0,0.0,0.553741921944189,0.3441668227828427,0.38992851488796787,0.0,0.012955993805357197,4.3542940355786874e-09,0.0,0.0,1.5071389963639485,3.4708487013299094e-09,1.0215001074905876,0.518911672840013,0.009776445179339288,2.6944312384580886,0.0,0.3446233969246735,0.46122639500421125,0.7836547972785964,0.25685284434520267,0.10957595860433511,0.05007883324018032,0.12149397286857255,0.0,0.31930840367780605,0.05560760055859493,0.13802181526298118,1.9091896396172923,0.3273948394347555,1.0344524179646148,0.6895180163440089,0.8148572619328636,0.0,1.5445067705273337,1.4461037203860259,0.9169328140655535,0.2690993507924391,0.2546590647974374,0.0,1.747753008350773,0.9272562438952512,0.0,0.3991211577989624,0.0,0.0,0.0,0.0,0.0,0.0,0.0,0.0,0.2565592248467538,0.3543491534841909,0.0,0.0,0.0,0.0,0.0,0.0,0.0,0.0,0.0,0.0,0.0,0.0,0.0,0.0,0.0,0.0,0.0,0.0,0.0,0.0,0.0,0.0,2.382582241165444,0.0,0.0,1.5930345529446919,0.7128213547058901,0.0,1.0195719883135532,1.7156707402750122,0.0,0.0,0.0,0.0,0.0,1.1249235078726605,0.0,0.0,0.0,0.0,0.0,0.0,0.0,0.0,0.0,0.0,0.0,15.016151272162015,0.0,0.0,0.0,0.0,0.0,1.9824459144360147,0.0,0.0,0.0,0.0,0.0,0.0,0.0,0.0,0.0,0.0,0.0,0.0,0.0,0.0,2.173724016504966,0.0,3.0065333656770465,0.0,0.0,0.0,0.0,0.0,0.0,0.0,0.0,0.0,0.0,0.0,0.0,0.0,0.0,0.0,0.0,0.0,0.0,0.0,0.0,0.0,0.0,0.0,0.0,0.0,0.0,0.0,0.0,0.0,0.0,0.0,0.0,0.0,0.0
0.17501893241815214,2.435686740948101,0.0,0.0,7.962741395629202,1.7466126814576635,0.0,0.0,0.0,0.0,2.6289494203107777e-08,0.0,0.0,1.514075064494543,0.7052373534000056,0.0,0.0,0.0,0.8745295818539581,0.0,0.0,0.0,3.7678474908071107,0.0,0.0,0.0,0.6599100495996291,0.0,0.0,4.652415857987696,0.9937076528970751,2.1914362591067342,2.0805080391363173,1.2006654796488507,0.031572256896095746,0.0,0.0,0.12628257316723218,0.729571719328765,1.6529328282445603,0.0,0.5144776049369578,2.6479379498438487,3.5395258171360457,2.716190872475767,0.0,2.57417795030685,0.13772416379600805,0.0,0.5381987014503284,1.4260907614293719,0.0,0.42368903371157957,0.0,0.0,1.155008819289979,0.0,0.0,0.0,0.0,0.0,0.0,0.0,0.0,3.280799063271128,0.0,0.0,0.0,0.0,0.0,0.0,0.0,0.0,0.0,0.0,0.0,0.0,0.0,0.0,0.0,0.0,0.0,0.0,0.0,0.0,0.0,0.0,0.0,0.0,0.0,0.0,0.0,0.0,0.0,0.0,0.6809068250477514,0.0,0.0,0.0,0.0,0.0,0.0,0.0,0.0,0.0,0.0,0.0,0.0,0.0,0.0,0.0,0.0,0.0,0.0,0.0,0.0,0.0,0.0,0.0,0.0,0.0,0.0,0.0,0.0,0.0,0.0,0.0,0.0,0.0,0.0,0.0,0.0,0.0,0.0,0.0,0.0,0.0,0.0,0.0,0.0,0.0,0.0,0.0,0.0,0.0,0.0,0.0,0.0,0.0,0.0,0.0,0.0,0.0,0.0,0.0,0.0,0.0,0.0,0.0,0.0,0.0,0.0,0.0,0.0,0.0,0.0,0.0,0.0,0.0,0.0,0.0
0.9334343053426752,0.5412637202188901,0.0,0.0,0.0,1.1644084543227518,0.0,1.872153132482019,3.363531865765224,0.0,3.1866053580575926e-09,4.245934391700709,0.0,7.340994478965968e-11,0.47015823560712744,1.0868425981506902,1.376218287821705,0.0,0.5830197212448058,7.125208420673268e-09,0.0,0.0,0.0,5.038328759407462e-09,0.0,0.0,2.199700165365426,0.0,3.009869207346786,0.5639291949610019,2.2542504904001195,1.914385445994706,0.9246702396301512,0.9161035470450944,0.413705435189094,0.7289638370291941,0.0,0.49489605166475226,0.42706637229000893,1.870037925644521,0.0,2.1184371967805453,0.8840492353526908,5.056465450776085,0.0,0.0,2.57417795030685,2.410172866774449,0.0,0.0,0.9982635337991711,0.0,3.567907652142553,0.0,0.0,0.0,0.0,0.0,0.0,0.0,0.0,0.0,0.0,0.0,0.0,0.7849506564468706,0.0,0.0,0.0,0.0,1.8289270995215372,8.3885331474501,0.0,0.0,0.0,0.0,0.0,0.0,0.0,0.0,0.0,0.0,0.0,0.0,0.0,0.0,0.0,0.0,0.0,0.0,0.0,0.0,6.56545984566727,0.0,0.0,5.733952210662482,0.0,0.0,0.0,0.0,0.0,0.0,0.0,0.0,0.0,0.0,0.0,0.0,0.0,0.0,0.0,0.0,0.0,0.0,0.0,0.0,0.0,0.0,0.0,0.0,0.0,0.0,0.0,0.0,0.0,7.7847024441814465,0.0,0.0,20.712093059638935,0.0,0.0,0.0,0.0,0.0,0.0,0.0,0.0,0.0,0.0,0.0,0.0,0.0,0.0,0.0,0.0,0.0,0.0,0.0,0.0,0.0,0.0,0.0,0.0,0.0,0.0,0.0,0.0,0.0,0.0,0.0,0.0,0.0,0.0,0.0,0.0,0.0,0.0,0.0,0.0,0.0,0.0
0.16783866837876565,0.3892935218474377,0.0,1.0231683019064353e-08,0.44918028386951314,0.0,0.0,0.9504777442549633,0.0,0.0,1.6178150277768033e-09,0.46405885503071553,0.5213293427945629,0.4099649406241323,0.16907613472694774,0.17817948366001948,0.0,1.0235753164502306,0.2774949634877866,0.0,0.0,0.0,1.2752714584653695,1.92909856951487e-08,2.298375241848502,0.6058049010731971,0.6840221475813939,0.0,0.5093624812817716,0.2863025143690875,1.1456926036414976,0.6141553717344332,0.41565705483128745,0.42666689276816216,0.05006457879247217,0.13499330321055159,2.1276791334026512,0.22600963007011848,0.996488202010021,0.5303577868917269,1.4000724023478306,0.6547896790042957,0.7221648956296136,1.8387147102089014,0.0,0.6553465040826154,0.0,1.6871210069228773,4.584664071855989,0.0,0.25465906464464183,0.5007463110210321,0.38072185314289875,0.07811449423004135,0.0,0.0,0.0,0.0,0.0,0.0,0.0,0.0,0.0,0.0,0.9844502966229455,1.2157162605967031,0.0,0.0,0.0,0.0,0.0,1.048566643479552,0.0,0.0,0.0,0.0,0.0,0.0,0.0,0.0,0.0,0.0,1.253478733216899,0.0,0.0,0.0,0.0,0.0,0.7121239604003108,0.0,0.0,0.6952828431579661,0.8206824807462034,0.0,0.0,0.05244468485571577,0.0,0.0,0.0,0.0,0.0,0.09476650218694405,0.0,0.0,0.0,0.0,0.0,0.0,0.0,0.0,0.0,0.0,0.0,0.0,0.0,0.0,0.0,0.0,0.0,0.5428923564380913,0.0,0.0,0.0,0.0,0.0,0.9730878055674942,0.0,0.0,0.0,0.0,0.0,0.0,0.8928262640556213,1.3620165489387257,1.8162036190558435,1.3591130452561606,3.461469335480449,0.0,2.347635900526012,0.0,0.0,0.0,0.0,0.0,0.0,0.0,0.0,0.0,0.0,0.0,0.0,0.0,0.0,0.0,0.0,0.0,0.0,0.0,0.0,0.0,0.0,0.0,0.0,0.0,0.0,0.0,0.0,0.0,0.0,0.0,0.0
1.1001190027800638,0.0,0.0,0.0,0.0,0.0,0.0,3.1682591473215753,0.0,0.0,0.0,0.0,0.0,1.0249123514972593,1.1082301267426522,0.0,1.7467385959999615,0.0,0.0,1.6795134136736445e-08,0.0,0.0,0.0,1.1876060647918185e-08,0.0,0.0,1.0370015064867677,0.0,0.0,1.5337634697327085,0.9538646703739939,0.3306541814980207,0.0,0.8430914389597375,0.19710108947208177,2.4298796308386272e-09,0.0,0.5148843117003113,0.05931477392916798,0.2722148516226097,0.0,0.42873133729026314,0.3578294528389173,3.370976968307715,1.3580954364642326,0.0,0.0,1.9281382936605764,0.0,1.0763974023624583,0.7130453802393223,0.0,1.4122967790180025,0.0,0.0,0.0,0.0,0.0,0.0,0.0,0.0,0.0,0.0,0.0,1.503699570702957,0.0,0.0,0.0,0.0,0.0,0.0,0.0,0.0,0.0,0.0,0.0,0.0,0.0,0.0,0.0,0.0,0.0,0.0,0.0,0.0,0.0,0.0,0.0,0.0,0.0,0.0,0.0,0.0,0.0,0.0,2.2696894167927386,0.0,0.0,0.0,0.0,0.0,0.0,0.0,0.0,0.0,0.0,0.0,0.0,0.0,0.0,0.0,0.0,0.0,0.0,0.0,0.0,0.0,0.0,0.0,0.0,0.0,0.0,0.0,0.0,0.0,0.0,0.0,0.0,0.0,0.0,0.0,0.0,0.0,0.0,0.0,0.0,0.0,0.0,0.0,0.0,0.0,0.0,0.0,0.0,0.0,0.0,0.0,0.0,0.0,0.0,0.0,0.0,0.0,0.0,0.0,0.0,0.0,0.0,0.0,0.0,0.0,0.0,0.0,0.0,0.0,0.0,0.0,0.0,0.0,0.0,0.0
1.100119002819354,0.6379179559688114,0.0,0.0,1.2165299354479584,0.0,0.15866611901628747,2.0838847368709463,0.0,0.0,6.259403394909269e-10,0.0,0.0,0.3965434693489424,0.5541150633911159,0.6404608168221291,0.0,0.0,0.6871303857490886,8.397567068801903e-09,0.0,0.0,0.986817199982903,1.682441925100059e-08,0.0,0.0,0.6913343376753341,0.0,0.0,0.11077180614783899,0.7182373857744176,0.2975887633230501,0.09081582710225722,1.7088854626422316,0.09727668340913107,0.0,1.7021433069348888,1.0794151575250233,0.11121520111718977,0.04997709601386624,0.0,5.24975618532153e-11,1.5335547974684745,0.0,0.0,0.0,0.0,0.0,0.0,0.0,0.2971022421476655,0.0,0.6581577222681384,0.0,0.0,1.794188457143276,0.0,0.0,0.0,0.0,0.0,0.0,0.0,0.0,0.70075319800529,0.0,0.0,0.0,0.0,0.0,0.0,0.0,1.822054971554789,0.0,0.0,0.0,0.0,0.0,0.0,0.0,0.0,0.0,1.9958302159886316,0.0,0.0,0.0,8.61142592550692,0.0,0.9792490117393403,0.0,0.0,1.8099426393141553,0.0,0.0,1.7322825044093115,0.0,0.0,0.0,0.0,0.0,0.0,1.9112778046303807,0.0,0.0,0.0,0.0,0.0,0.0,0.0,0.0,0.0,0.0,0.0,0.0,0.0,0.0,0.0,0.0,0.0,0.7465368855500886,0.0,0.0,1.4193290227348943,0.0,0.0,2.347767403887054,0.0,0.0,0.0,0.0,0.0,0.0,0.0,0.0,0.0,0.0,0.0,0.0,0.0,0.0,0.0,0.0,0.0,0.0,0.0,0.0,0.0,0.0,0.0,0.0,0.0,0.0,0.0,0.0,0.0,0.0,0.0,0.0,0.0,0.0,0.0,0.0,0.0,0.0,0.0,0.0,0.0,0.0,0.0,0.0,0.0
0.0,0.0,0.0,0.0,0.0,0.0,5.331181598293558,0.0,7.3997701038762465,0.0,0.0,0.0,0.0,0.0,0.0,4.4832257167942124,0.0,0.0,0.0,3.526978168549855e-08,0.0,0.0,0.0,0.0,0.0,0.0,2.9036042177896295,0.0,0.0,0.0,1.9735914249729436,2.532209839576226,0.0,1.3810301205795734,1.1708362256128233,0.0,0.0,0.8319331034913093,4.537580205581344,6.539478782983299,0.0,3.319210354490874,4.2939534294152235,0.32622357762201326,0.0,0.0,2.57417795030685,2.410172866774449,0.0,0.0,3.5652269071386566,0.0,8.47378067322533,0.0,0.0,0.0,0.0,0.0,0.0,0.0,0.0,0.0,0.0,0.0,0.0,0.0,0.0,0.0,0.0,0.0,0.0,0.0,0.0,0.0,0.0,0.0,0.0,0.0,0.0,0.0,0.0,0.0,0.0,0.0,0.0,0.0,0.0,0.0,0.0,0.0,0.0,0.0,0.0,0.0,0.0,13.618136499337872,0.0,0.0,0.0,0.0,0.0,0.0,0.0,0.0,0.0,0.0,0.0,0.0,0.0,0.0,0.0,0.0,0.0,0.0,0.0,0.0,0.0,0.0,0.0,0.0,0.0,0.0,0.0,0.0,0.0,0.0,0.0,0.0,0.0,0.0,0.0,0.0,0.0,0.0,0.0,0.0,0.0,0.0,0.0,0.0,0.0,0.0,0.0,0.0,0.0,0.0,0.0,0.0,0.0,0.0,0.0,0.0,0.0,0.0,0.0,0.0,0.0,0.0,0.0,0.0,0.0,0.0,0.0,0.0,0.0,0.0,0.0,0.0,0.0,0.0,0.0
4.8538583866640534,0.6495164642705411,0.0,0.0,1.592548279169274,2.0959352178063586,8.40064978997763,0.37443062652363523,0.672706373201969,0.0,0.0,3.3967475136076035,0.8698115238226595,0.0,0.5641898827353916,0.9781583384364013,0.41286548635151593,0.0,0.34981183275112365,6.98270425127101e-08,0.0,0.0,0.0,1.8137983536122004e-08,0.0,0.0,2.991592223408115,0.0,0.6019738415131373,0.33835751698070243,2.116194168016501,1.216199780666809,0.5548021437848156,1.61725193604105,1.9892135025579532,0.27770050944363367,2.1276791334026512,1.1393959315932327,6.554282519173053,7.1654855346494495,0.0,3.2285177445928652,1.2722824988296715,0.19081001710222312,0.0,0.0,0.0,0.0,0.0,0.0,2.941312198467381,0.0,0.3067431918279171,0.0,0.0,0.0,0.0,0.0,0.0,0.0,0.0,0.0,0.0,0.0,0.9797861456323851,0.0,0.0,0.0,0.0,0.0,0.0,0.0,0.0,0.0,0.0,0.0,0.0,0.0,0.0,0.0,0.0,0.0,0.0,0.0,0.0,0.0,0.0,0.0,0.0,0.0,0.0,0.5159564989958632,1.1289025979518477,0.0,0.0,0.4929642172299917,0.0,0.0,0.0,0.0,0.0,0.0,0.0,0.0,0.0,0.0,0.0,0.0,0.0,0.0,0.0,0.0,0.0,0.0,0.0,0.0,0.0,0.0,0.0,0.3479334805975463,1.617762028375323,0.0,0.0,0.0,0.0,0.0,0.0,0.0,0.0,0.0,0.0,0.0,0.0,0.9367715630729028,1.2491536203486662,0.0,0.0,0.0,0.0,0.0,0.0,0.0,0.0,0.0,0.0,0.0,0.0,0.0,0.0,0.0,0.0,0.0,0.0,0.0,0.0,0.0,0.0,0.0,0.0,0.0,0.0,0.0,0.0,0.0,0.0,0.0,0.0,0.0,0.0,0.0,0.0
1.0450084123458583,0.3511178096399364,0.4227260699477871,5.095836634605444e-09,0.0,0.4629575782331597,0.0,0.0,0.6491026408093316,0.0,1.844876786061267e-09,0.5627141965348316,0.8898515695094723,0.0,0.34106596165817143,0.9817420933654997,0.6959632749278996,0.0,0.5286735582629456,2.832914191425173e-09,0.0,0.8106941811461672,0.15185012081842142,1.1316271698348646e-08,0.3614439188280424,0.19053851042445577,0.6198774594219705,1.949917343622229,1.196694986147914,0.2242128124584672,0.40075564281821396,1.0268243858320942,0.3998890954017464,0.8874779879261827,0.0,0.04361322103002363,0.0,0.8053290002325253,0.5447073405828584,0.05720452985808744,0.0,0.5441590052218772,0.6468455492775674,4.27854769109294,0.0,0.0,0.0,2.1034235928492233,0.0,0.0,0.040513942101622735,0.0,0.22217426547800928,0.0,0.0,0.0,0.0,0.0,0.0,0.0,0.0,0.0,0.0,0.0,0.16443333435446533,0.7171851321497866,0.0,0.0,0.0,0.0,0.0,0.0,0.6377192400507556,0.0,0.0,0.0,0.0,0.0,0.0,0.0,0.0,0.0,1.4789245485420575,0.0,0.0,0.0,0.0,0.0,0.3950655285598603,0.0,0.0,0.4671344761553824,0.20441619584247722,0.0,1.2836337982345882,0.17852712918801825,0.0,0.0,0.0,0.0,0.0,0.0,0.0,0.0,0.0,0.0,0.0,0.0,0.0,0.0,0.0,0.0,0.0,0.0,0.0,0.0,0.0,0.0,0.0,0.049172373599508434,0.0,0.0,2.1034660336987296,0.0,0.0,0.0,0.0,0.0,0.0,0.0,0.0,0.592771396220535,0.0,2.300294615987757,0.0,0.0,0.0,0.0,0.0,0.0,0.0,0.0,0.0,0.0,0.0,0.0,0.0,0.0,0.0,0.0,0.0,0.0,0.0,0.0,0.0,0.0,0.0,0.0,0.0,0.0,0.0,0.0,0.0,0.0,0.0,0.0,0.0,0.0,0.0,0.0,0.0
0.0,0.0,5.539936390143539,3.32529698074055e-08,0.0,2.0223936311469903,0.0,1.0838781293731836,0.0,0.0,0.0,0.0,0.0,0.7012558194625277,0.0,3.586580573614699,0.0,1.7508525149154437,0.0,4.70263755774844e-08,0.0,0.0,2.9085138525319834,0.0,0.0,5.815727049260707,1.5282127464302782,0.0,0.0,1.9589119403471087,0.7869383524672865,1.190355052482301,0.0,0.8626982167220982,0.09471677068662557,0.0,0.0,0.6275152551353568,1.0231798502781462,0.6932006732283309,0.0,0.42873133759990245,0.5963824211331364,0.0,0.0,0.0,0.0,0.0,0.0,0.0,1.4260907614293719,0.0,0.0,0.0,0.0,0.0,0.0,0.0,0.0,0.0,0.0,0.0,0.0,0.0,0.0,0.0,0.0,0.0,0.0,0.0,0.0,0.0,0.0,0.0,0.0,0.0,0.0,0.0,0.0,0.0,0.0,0.0,4.373840686052151,0.0,0.0,0.0,0.0,0.0,0.0,0.0,0.0,0.0,0.0,0.0,0.0,0.0,0.0,0.0,0.0,0.0,0.0,0.0,0.0,0.0,0.0,0.0,0.0,0.0,0.0,0.0,0.0,0.0,0.0,0.0,0.0,0.0,0.0,0.0,0.0,0.0,0.0,0.0,0.0,0.0,0.0,0.0,0.0,0.0,0.0,0.0,0.0,0.0,0.0,0.0,0.0,0.0,0.0,0.0,0.0,0.0,0.0,0.0,0.0,0.0,0.0,0.0,0.0,0.0,0.0,0.0,0.0,0.0,0.0,0.0,0.0,0.0,0.0,0.0,0.0,0.0,0.0,0.0,0.0,0.0,0.0,0.0,0.0,0.0,0.0,0.0,0.0
0.6949986286959671,0.0359824793783689,0.6219966186004351,0.0,1.3174989792540646,0.0,0.7839972940004405,1.0869349976383995,1.0882014860497882,0.929109933625192,2.8810404600204675e-09,0.0,0.0,0.7032335756347579,0.0,0.7369686111540171,0.3110630376634955,0.455701339516282,0.30231522209204476,4.736742100983071e-10,0.0,0.0,0.7570104547980709,3.3494127523597816e-10,3.2447650472876974,0.7380958988282729,0.2573702369054879,2.17931938402251,0.4535419353886435,0.7647806890693998,0.39694051954303194,1.45661868343895,0.8052678174904347,0.818840950860813,0.5470077066892407,1.21493972959693,1.134762202873834,0.5778157926372205,3.701877408615032,1.1209225610316171,0.0,0.3208570009459195,0.41554388066812864,0.32622357762201326,0.7710477317923434,0.0,0.0,0.48203457528302823,0.0,3.587991345394184,2.6144997322185906,0.0,1.064768252260547,0.0,0.0,1.9452780114274353,0.0,0.0,0.0,0.0,0.0,0.0,0.0,0.0,0.7557861716740077,0.5219305411990345,4.051339092161726,0.0,0.0,0.0,0.0,0.0,0.0,0.0,0.0,0.0,0.0,0.0,0.0,0.0,0.0,0.0,0.0,0.0,0.0,0.0,0.0,0.0,1.061712086411259,0.0,0.0,0.006284176696763566,0.0,0.0,0.0,1.140786303746081,0.0,0.0,0.0,0.0,0.0,2.0722275144922975,0.0,0.0,0.0,0.0,0.0,0.0,0.0,0.0,0.0,0.0,0.0,0.0,0.0,0.0,0.0,0.0,0.0,0.800927723954053,0.0,0.0,0.0,0.0,0.0,1.5487889680257363,2.086378044415816,0.0,0.0,0.0,0.0,0.0,0.7105214247991452,0.0,0.0,0.0,0.0,0.0,0.0,0.0,0.0,0.0,0.0,0.0,0.0,0.0,0.0,0.0,0.0,0.0,0.0,0.0,0.0,0.0,0.0,0.0,0.0,0.0,0.0,0.0,0.0,0.0,0.0,0.0,0.0,0.0,0.0,0.0,0.0,0.0,0.0
0.1003093581949164,0.9500390074457017,0.5236755791875429,0.0,2.2184752147617486,1.397290145204239,0.48465287266026036,0.5476746477539916,0.5522216496452056,0.0,3.4244117264048413e-10,0.0,0.0,0.08677683953355667,0.28209494136769575,0.2092577539956001,0.825730972703032,0.4965104146962354,1.148635868738773,1.1613026263714021e-08,0.0,0.0,1.2372036537356281,1.4663792661032127e-08,0.0,0.8680189627368731,1.7728926706116972,0.0,0.0,1.257477936238097,0.6246344223759333,0.8059262937139169,1.039218940975256,0.2615254642618625,0.028025604023553963,0.0,0.3829822437443895,0.4014834177519213,0.029657386964583837,0.12760196905064664,0.0,0.5512260052738482,1.0121461664560398,0.0,0.0,0.0,0.0,0.0,0.0,0.0,0.3819885970433605,0.0,0.3873728308222231,0.7443570765222561,0.0,0.0,0.0,0.0,0.0,0.0,0.0,0.0,0.0,0.0,0.9062401187447144,2.278599619862123,0.0,0.0,0.0,0.0,0.0,0.0,0.0,0.0,0.0,0.0,0.0,0.0,0.0,0.0,0.0,0.0,2.349377282830288,0.0,0.0,0.0,0.0,0.0,0.34898740665009287,0.0,0.0,0.1330058765243124,0.0,0.0,1.0195719883135532,0.0,0.0,0.0,0.0,0.0,0.0,0.0,0.0,0.0,0.0,0.0,0.0,0.0,0.0,0.0,0.0,0.0,0.0,0.0,0.0,0.0,0.0,0.0,0.0,0.1733374503852888,0.0,0.0,0.0,0.0,0.0,0.0,0.0,0.0,0.0,0.0,0.0,0.12026344971756664,0.0,0.0,0.0,0.0,0.0,0.0,0.0,0.0,0.0,0.0,0.0,0.0,0.0,0.0,0.0,0.0,0.0,0.0,0.0,0.0,0.0,0.0,0.0,0.0,0.0,0.0,0.0,0.0,0.0,0.0,0.0,0.0,0.0,0.0,0.0,0.0,0.0,0.0,0.0
0.6272171689896108,1.050688398041997,0.0,2.9340855716396275e-08,0.0,2.95580607633364,0.0,0.7920647868608578,1.423032712513768,0.0,0.0,0.0,0.0,0.5124561757683395,0.596739299034947,1.4200262453958696,0.8733692980335721,0.0,2.263488329474102,1.3831286936952236e-08,0.0,0.0,0.0,6.770966703983916e-09,0.0,1.1184090481154176,0.29561581405872006,1.4249395972325918,1.9475624283457034,0.0,0.5582554129173708,0.417711802321999,0.8974740560860208,0.30866018571907033,0.1755725505414001,0.9719517822196162,2.1276791334026512,0.11648642809932908,0.444860804468759,0.008935451317536314,0.0,1.5434328145622087,0.28626356231407346,1.0112930905597342,0.0,1.2014685906724956,0.0,1.4461037210287386,0.0,0.0,0.713045380982078,0.5007463108958455,0.4152207164552975,0.0,0.0,1.1319235366007665,0.0,0.0,0.0,0.0,0.0,0.0,0.0,0.0,0.0,0.0,0.0,0.0,0.0,0.0,4.941994502896217,0.0,1.7392342910308258,0.0,0.0,0.0,0.0,0.0,0.0,0.0,0.0,0.0,0.0,0.0,0.0,0.0,0.0,0.0,4.292027583318524,0.0,0.0,0.8638362596732883,1.8900566223083868,0.0,0.0,0.0,0.0,0.0,0.0,0.0,0.0,1.2057932506646414,0.0,0.0,0.0,0.0,0.0,0.0,0.0,0.0,0.0,0.0,0.0,0.0,0.0,0.0,0.0,0.0,0.0,0.0,3.8034617900527365,0.0,2.215013474862097,0.0,0.0,0.0,0.0,0.0,0.0,0.0,0.0,0.0,0.0,0.0,0.0,0.0,0.0,0.0,0.0,0.0,0.0,0.0,0.0,0.0,0.0,0.0,0.0,0.0,0.0,0.0,0.0,0.0,0.0,0.0,0.0,0.0,0.0,0.0,0.0,0.0,0.0,0.0,0.0,0.0,0.0,0.0,0.0,0.0,0.0,0.0,0.0
0.0,2.1871472776408303,0.7160462001096533,0.0,0.0,2.3525803465121036,0.0,1.2608378240053524,0.0,1.3841841868200808,2.14608116000381e-09,1.9063378902857377,0.9763190573497911,0.5438310436823416,0.9499115372564526,1.0979328288547407,0.4634204438629147,0.6789019956013345,0.0,0.0,0.0,0.0,1.1277910857120084,6.786320371106325e-09,0.0,0.5934415357454249,0.8888584341768652,0.0,0.0,0.0,0.14144316860718836,2.314579268559698,2.1795798505783512,2.901803092367186,0.06259543106356852,1.700915620767485,0.8510716529355244,1.2019330657457439,0.8169262045699032,0.38329011240849764,0.0,1.3719402798090214,1.717581369361475,0.0,0.0,0.0,2.57417795030685,2.410172866774449,0.0,0.0,0.3169090583771129,0.0,0.0,0.0,0.0,0.0,0.0,0.0,0.0,0.0,0.0,0.0,0.0,0.0,0.0,0.0,0.0,0.0,0.0,0.0,0.0,0.0,0.0,0.0,0.0,0.0,0.0,0.0,0.0,0.0,0.0,0.0,0.0,0.0,0.0,0.0,0.0,0.0,0.0,0.0,0.0,0.8638362596798326,0.0,0.0,0.0,0.0,0.0,0.0,0.0,0.0,0.0,0.0,0.0,0.0,0.0,0.0,0.0,0.0,0.0,0.0,0.0,0.0,0.0,0.0,0.0,0.0,0.0,0.0,0.0,0.5825249940289633,0.0,0.0,0.0,0.0,0.0,0.0,0.0,0.0,0.0,0.0,0.0,0.0,1.0281029707296905,0.0,0.0,0.0,0.0,0.0,0.0,0.0,0.0,0.0,0.0,0.0,0.0,0.0,0.0,0.0,0.0,0.0,0.0,0.0,0.0,0.0,0.0,0.0,0.0,0.0,0.0,0.0,0.0,0.0,0.0,0.0,0.0,0.0,0.0,0.0,0.0,0.0,0.0
0.09282106094557652,0.4959448250194105,0.7627448653331808,0.0,0.0,0.0,0.2639198811538124,1.5868573043936585,0.0,0.0,1.2448748854670955e-09,0.9248569962869566,0.0,1.631785765049898,0.0,0.3551069875541094,0.09286363179560009,0.9881048846974728,0.45552337238825125,1.8725526225102374e-09,1.6715646296555402,0.0,1.2013426782568448,2.9345065917160684e-09,1.1991523000937843,0.2879072797211025,0.40310476126726025,1.6108012838550836,0.3278075374603635,0.8852207531116542,0.47257938141851585,0.1273082431085769,1.1493694864420045,0.47964688493979113,0.061320664559897944,0.2650777588735192,0.0,0.06647896984748569,0.21815289449910302,0.4401710761731956,0.7567958931783754,0.6417600061912112,0.45082047484614235,1.1668766430253472,0.2202316924303584,1.1090479299937201,0.0,1.1247473382565514,4.584664071855989,0.09785430939463649,0.10371569171014625,0.8011940976737111,0.33493204246276415,0.0,0.0,0.0,0.0,0.0,0.0,0.0,0.0,0.0,0.0,0.0,0.27102253131957943,0.45313060622311085,0.0,0.0,0.0,0.0,0.0,0.0,0.9981692452937008,0.0,0.0,0.0,0.0,0.0,0.0,0.0,0.0,0.0,0.0,0.0,0.0,0.0,0.0,0.0,0.4584665827712402,0.0,0.0,0.21408116000414423,0.0,0.0,0.8110231725230928,0.495204963671936,0.0,0.0,0.0,0.0,0.0,0.0,0.0,0.0,0.0,0.0,0.0,0.0,0.0,0.0,0.0,0.0,0.0,0.0,0.0,0.0,0.0,0.0,0.0,0.030392608386986986,0.0,0.0,0.0,0.0,0.0,0.0,0.0,0.0,0.0,0.0,0.0,0.48499477872638214,0.0,0.9410296156323057,0.0,0.0,0.0,0.0,0.0,0.0,0.0,0.0,0.0,0.0,0.0,0.0,0.0,0.0,0.0,0.0,0.0,0.0,0.0,0.0,0.0,0.0,0.0,0.0,0.0,0.0,0.0,0.0,0.0,0.0,0.0,0.0,0.0,0.0,0.0,0.0,0.0
0.6696376539042522,1.9846336406422225,0.5084965768924719,4.81927098748558e-09,1.2694225413714952,0.0,0.0,0.2984591950561726,0.5362152250180403,1.9659427581039177,1.0160190997560159e-08,0.0,0.0,1.35169599988512,0.44971657319653635,0.7796914291913121,0.6581913550555694,1.446356425420094,0.0,0.0,0.0,0.0,0.40044755942184995,6.425694649980773e-09,0.7994348667349824,0.0,0.4208122055548216,0.5369337612889186,0.0,0.26970526715952586,0.09836729393750127,1.3146044058014739,1.252995179644703,0.4602571585214454,0.0,0.32398392843248813,1.9149112191049302,0.15959413031907976,0.5885850643740507,0.8126914431003629,0.0,1.668576016050087,1.3926335460302026,4.783142993848103,0.0,0.0,2.57417795030685,2.410172866774449,0.0,0.0,0.7130453813683109,0.0,0.7328675177719998,0.877134284766049,0.0,0.0,0.0,0.0,0.0,0.0,0.0,0.0,0.0,0.0,0.3901490778100296,0.0,0.0,0.0,0.0,0.0,0.0,0.0,0.0,0.0,0.0,0.0,0.0,0.0,0.0,0.0,0.0,0.0,1.1111919580957497,0.0,0.0,0.0,0.0,0.0,1.635610511506802,0.0,0.0,0.30817942237293333,0.0,0.0,0.0,0.588892389230985,0.0,0.0,0.0,0.0,0.0,1.0641168317717642,0.0,0.0,0.0,0.0,0.0,0.0,0.0,0.0,0.0,0.0,0.0,0.0,0.0,0.0,0.0,0.0,0.0,0.0,0.0,0.0,0.0,0.0,0.0,0.799509980791528,0.0,0.0,0.0,0.0,0.0,5.615729016561754,0.0,0.0,0.0,0.0,0.0,0.0,0.0,0.0,0.0,0.0,0.0,0.0,0.0,0.0,0.0,0.0,0.0,0.0,0.0,0.0,0.0,0.0,0.0,0.0,0.0,0.0,0.0,0.0,0.0,0.0,0.0,0.0,0.0,0.0,0.0,0.0,0.0,0.0,0.0
0.1471954097091112,0.6120443605589422,0.3762163484918555,0.0,0.6873819495539618,0.6986450726021195,0.7704737975588009,0.37443062652363523,0.0,0.0,1.3481791898140028e-09,0.0,0.0,0.6832749010419725,0.39782619936683206,0.42219654778541926,1.238596459054548,0.9615404487793179,0.24666218976173016,1.2551328682983143e-08,0.0,0.0,0.14813759365780516,4.0694193839327375e-09,1.002927378263824,0.06100412990443771,0.24704324935101962,0.47497986575637613,0.4244687344025647,0.0,0.6189171743546907,0.04232301687955964,0.5227943277940842,0.29723926641847526,0.02970357012416576,2.186891512241775,1.489375392637168,0.14095175255021633,0.6405995584350131,0.9859109843934027,1.826181394418345,0.559214787951856,0.18669362757286578,0.0,0.17714288303504486,0.0,0.6864474540444035,0.0,4.584664071855989,0.10251403839834007,0.390477232568178,0.0,0.0691081211931091,0.877134284766049,0.0,0.0,0.0,0.0,0.0,0.0,0.0,0.0,0.0,0.0,1.1926925755875377,0.0,0.0,0.0,1.43575220540616,0.0,0.0,1.7230500519900425,0.0,0.0,1.1891782454642195,0.0,0.0,0.0,0.0,0.0,0.0,0.0,0.0,0.0,0.0,0.0,0.0,0.0,0.6480269716637935,0.0,0.0,1.1921677654968248,1.3485809413358845,0.0,0.7825662191013545,0.0,0.0,0.0,0.0,0.0,0.0,0.0,0.0,0.0,0.0,0.0,0.0,0.0,0.0,0.0,0.0,0.0,0.0,0.0,0.0,0.0,0.0,0.0,0.0,0.5961144818009542,0.0,0.0,0.7902210234720174,1.0724669386498464,0.0,0.6487252037130854,0.8693241851785947,0.0,0.0,0.0,0.0,0.0,0.0,0.0,0.0,0.0,0.0,0.0,0.0,0.0,0.0,0.0,0.0,0.0,0.0,0.0,0.0,0.0,0.0,0.0,0.0,0.0,0.0,0.0,0.0,0.0,0.0,0.0,0.0,0.0,0.0,0.0,0.0,0.0,0.0,0.0,0.0,0.0,0.0,0.0,0.0
0.6621972355229051,0.017257683832830314,0.7796947512290969,1.4779097694782306e-08,0.0,0.01856303332952941,1.1847070220536273,0.4576374324159273,0.0,0.0,4.572085947687765e-09,0.0,0.0,1.737894856982561,0.6895654122293591,0.797017905389403,0.9763171766589303,0.6910369588075296,0.4182532782878991,1.0563895964585401e-08,2.8138004598854898,0.0,0.0,1.606423657291023e-10,2.4516002579683303,0.632144244597546,0.028054147036161325,0.8054006419275417,0.0,0.39556772516463806,1.953352705359127,1.0484344860659047,0.036852799405046266,2.245573380161918,0.05900388993699976,0.9719517828675841,2.1276791334026512,1.5016882383262304,1.321759954924531,0.052565959405948104,0.0,1.6954375616029418,1.337794204112577,0.4213721211043038,0.08488096479227722,0.6553465040528268,0.0,0.9640691470713055,0.0,0.21527948064471525,0.8200021885224558,0.25037315551051603,1.9760336523336484,0.0,0.0,0.0,0.0,0.0,0.0,0.0,0.0,0.0,0.0,0.0,0.8019731043827073,0.6905449219820503,0.0,0.0,0.0,0.0,0.0,0.0,0.0,0.0,0.0,0.0,0.0,0.0,0.0,0.0,0.0,0.0,0.0,0.0,0.0,0.0,0.0,0.0,0.42201944857618956,0.0,0.0,0.23854892526804317,0.0,0.0,0.7465485270089743,0.4558372050538297,0.0,0.0,0.0,0.0,0.0,0.0,0.0,0.0,0.0,0.0,0.0,0.0,0.0,0.0,0.0,0.0,0.0,0.0,0.0,0.0,0.0,0.0,0.0,0.53264070583325,0.0,0.0,0.0,0.0,0.0,0.0,2.2022879357709626,0.0,0.0,0.0,0.0,1.1855427924344835,0.5678225612417549,0.0,0.0,0.0,0.0,0.0,4.277914307603729,0.0,0.0,0.0,0.0,0.0,0.0,0.0,0.0,0.0,0.0,0.0,0.0,0.0,0.0,0.0,0.0,0.0,0.0,0.0,0.0,0.0,0.0,0.0,0.0,0.0,0.0,0.0,0.0,0.0,0.0,0.0,0.0
0.0,0.0,0.0,0.0,2.654247131755753,0.5374192865365899,0.0,1.872153132482019,3.363531865765224,0.0,0.0,0.0,0.0,1.0249123514972593,0.9764824893120833,0.0,1.429149760392477,2.5589382909681038,0.0,2.137562526462189e-08,0.0,0.0,2.1254524306448186,4.6507650083502106e-09,0.0,0.0,1.3198200991392661,0.0,0.0,0.0,3.6692562095360595,0.4973983616316241,0.0,1.966279701565004,0.105859920178842,0.24298794567639814,2.1276791334026512,1.1698677251664635,0.8600642219729344,1.2990992619230535,0.0,0.4899786706697278,0.20447397273192763,1.444704415023419,0.0,0.0,0.0,0.48203457528302823,0.0,0.0,7.130454560133614e-10,0.0,0.0,3.687950969975188,0.0,0.0,0.0,0.0,0.0,0.0,0.0,0.0,0.0,0.0,1.6403995316728461,0.0,0.0,0.0,0.0,0.0,0.0,0.0,0.0,0.0,0.0,0.0,0.0,0.0,0.0,0.0,0.0,0.0,0.0,0.0,0.0,0.0,0.0,0.0,8.770665061369217,0.0,0.0,0.0,0.0,0.0,0.0,0.0,0.0,0.0,0.0,0.0,0.0,0.0,0.0,0.0,0.0,0.0,0.0,0.0,0.0,0.0,0.0,0.0,0.0,0.0,0.0,0.0,0.0,0.0,0.0,0.0,7.772291483848251,0.0,0.0,0.0,0.0,0.0,0.0,0.0,0.0,0.0,0.0,0.0,0.0,0.0,0.0,0.0,0.0,0.0,0.0,0.0,0.0,0.0,0.0,0.0,0.0,0.0,0.0,0.0,0.0,0.0,0.0,0.0,0.0,0.0,0.0,0.0,0.0,0.0,0.0,0.0,0.0,0.0,0.0,0.0,0.0,0.0,0.0,0.0,0.0,0.0,0.0
0.036670633430636805,0.627285990047691,0.5569248223100338,0.0,1.3903199262620998,0.9606369748333723,0.0,0.0,0.5872833416856146,0.22877488643094124,3.546995249598117e-10,2.965414496013485,0.759359266831059,0.3066602829734524,0.052333089320656306,0.22416128589294892,0.05406571845474806,0.5280348854700992,0.1107043399308721,7.464504061735489e-09,0.0,0.0,0.3453860200020339,1.1117312330270746e-08,0.8755715207085343,0.26540024237869286,1.1723878143487374,0.12496494086967457,0.5255327187825236,0.4652415858511092,1.4056423466858639,0.639845779584453,0.5872756819627661,0.6314250309324853,0.13135902504234365,1.5389236562452564,0.0,0.474803041423106,0.244269023544664,0.030093194035193616,0.0,0.6606975557964418,0.7141522552334656,0.8090344724963295,0.42887224314287475,0.0,0.0,0.9640691474328316,0.0,0.1076397403331216,0.023768179383829358,0.0,1.2953550075256937,0.9545284863625981,0.0,0.0,0.0,0.0,0.0,0.0,0.0,0.0,0.0,0.0,0.45972980506233063,1.1728086278700132,0.0,0.0,0.0,0.0,0.0,0.0,1.350464273048218,0.0,0.0,0.0,0.0,0.0,0.0,0.0,0.0,0.0,0.0,0.0,0.0,0.0,0.0,0.0,0.6424372497419675,0.0,0.0,0.7540523483716993,0.7337866886677048,0.0,0.0,0.053064301089952165,0.0,0.0,0.0,0.0,0.0,1.1580094933981324,0.0,0.0,0.0,0.0,0.0,0.0,0.0,0.0,0.0,0.0,0.0,0.0,0.0,0.0,0.0,0.0,0.0,0.4897662370185727,0.0,0.0,0.0,0.0,0.0,0.8700549790962478,0.0,0.0,0.0,0.0,0.0,0.6276403018803614,0.0,0.0,1.7583627394684462,0.0,0.0,0.0,0.0,0.0,0.0,0.0,0.0,0.0,0.0,0.0,0.0,0.0,0.0,0.0,0.0,0.0,0.0,0.0,0.0,0.0,0.0,0.0,0.0,0.0,0.0,0.0,0.0,0.0,0.0,0.0,0.0,0.0,0.0,0.0,0.0
0.5811949448954875,0.6740265195255708,0.0,3.137072623372872e-09,0.0,0.7250090376054756,0.5029416603074723,1.1656802523841023,0.0,0.0,0.0,0.0,0.0,0.5027871913297317,13.006021486467338,0.33835665794946646,0.4284453160248641,0.0,0.3630122792697849,1.3309351580906292e-08,0.0,0.0,0.5213373886789955,9.4112178727207e-09,0.0,0.5486534953126531,1.6435495575371122,0.0,1.2493796710641445,0.7022514503368251,1.4837396074546219,1.1593810085664047,0.8636071106078468,3.19403477890466,1.6923514100102883,2.4298794579789202,0.212767913287073,2.825229749796428,0.022398585959266193,0.3858779146008894,0.9492016287417655,2.2049040211636397,0.4401388910677745,0.0,0.38802726760740314,0.0,2.57417795030685,2.410172866774449,4.584664071855989,0.21527948064471525,1.2834816863132201,0.0,0.40592961313694903,0.0,0.0,0.1871852705606063,0.0,0.0,0.0,0.0,0.0,0.0,0.0,0.0,0.43220107422043974,0.0,0.0,0.0,0.0,0.0,0.0,0.0,0.6873620551442299,0.0,0.0,0.0,0.0,0.0,0.0,0.0,0.0,0.0,0.0,0.0,0.0,0.0,0.0,0.0,0.6039679533504632,0.0,0.0,0.34139636610155366,0.7469684854700397,0.0,0.0,0.0,0.0,0.0,0.0,0.0,0.0,0.0,0.0,0.0,0.0,0.0,0.0,0.0,0.0,0.0,0.0,0.0,0.0,0.0,0.0,0.0,0.0,0.0,0.0,0.9208778348735955,0.0,0.0,0.0,0.0,0.0,0.0,0.0,0.0,0.0,0.0,0.0,0.0,0.8126322882427222,0.0,0.0,1.2370370232278949,0.0,0.0,0.0,0.0,0.0,0.0,0.0,0.0,0.0,0.0,0.0,0.0,0.0,0.0,0.0,0.0,0.0,0.0,0.0,0.0,0.0,0.0,0.0,0.0,0.0,0.0,0.0,0.0,0.0,0.0,0.0,0.0,0.0,0.0,0.0
0.21098172657274028,1.2234042991452023,1.4619276585261303,0.0,0.0,0.0,0.0,0.28210526656016793,0.0,0.0,2.9410621386199987e-09,1.279596666090793,0.0,1.8708160388882686,0.42507456918610476,0.24565620371800578,0.3110630376634955,0.455701339516282,0.5380952564093741,9.662953887566716e-09,0.0,0.9217481785619291,0.39427627850846275,2.049840605155423e-08,1.5112604330070576,0.8132723329194956,0.5966310037665563,0.5075127332734904,0.4535419353886435,0.0,0.43008853586100804,1.2125159184225578,0.6182940558081385,0.1439220912924571,0.06572520261805964,1.5273528022871106,0.0,0.012581116051118613,0.090994255459519,0.11011106256018012,0.0,0.12249466787304819,1.1246068516577434,0.8427442421471576,2.7161908731548143,0.25745755515330104,0.0,1.4461037210287386,0.0,2.1527948058013138,0.3961363226940957,0.3894693528757166,0.0,0.0,0.0,0.0,0.0,0.0,0.0,0.0,0.0,0.0,0.0,0.0,0.4077829344341122,0.5632131828755611,0.0,0.0,1.5006449604523997,0.0,0.0,0.0,0.0,1.6454051759592847,0.0,0.0,0.0,0.0,0.0,0.0,0.0,0.0,2.322830646866254,0.0,0.0,0.0,0.0,0.0,0.0,0.0,0.0,0.3221084358134393,0.0,0.0,2.0161028017500944,0.0,0.0,0.0,0.0,0.0,0.0,0.0,0.0,0.0,0.0,0.0,0.0,0.0,0.0,0.0,0.0,0.0,0.0,0.0,0.0,0.0,0.0,0.0,0.0,0.4344254192766737,0.0,0.0,0.8259372279225283,0.0,0.0,1.671292050241769,0.0,0.0,0.0,0.0,0.0,0.0,0.0,0.0,0.0,1.1671479258707818,0.0,0.0,0.0,0.0,0.0,0.0,0.0,0.0,0.0,0.0,0.0,0.0,0.0,0.0,0.0,0.0,0.0,0.0,0.0,0.0,0.0,0.0,0.0,0.0,0.0,0.0,0.0,0.0,0.0,0.0,0.0,0.0,0.0,0.0,0.0
0.7700833019914246,0.6698138537828011,0.0,0.0,3.649589806039743,0.9606369748333723,0.0,0.5148421114729236,0.46248563157898137,0.847812814434004,3.943424130639639e-09,2.335263915618496,1.1959908452629522,0.999289542774205,0.3878805443827855,0.0,1.986915152758634,0.0,2.404956349907082,5.878296949028694e-09,0.0,0.0,1.0361580600061018,5.1957765331497874e-08,0.0,0.7269658812938944,0.5444257909376353,0.0,0.41385701604263325,0.0,2.9510194288207003e-10,1.7408942648754664,1.1442794213481315,0.05734982456516724,0.19438918674879402,0.6074698644441076,0.2836905510888321,0.11177615455551265,0.2669164826812555,0.5159919075423639,1.4737604235201538,1.4892772762943636,0.11299877552583637,1.0645190427448816,0.42887224314287475,0.0,0.5148355921207125,1.446103720546704,0.45846640695636565,0.1076397403331216,0.42782722817211516,0.0,1.5233763009864174,0.0,0.0,0.0,0.0,0.0,0.0,0.0,0.0,0.0,0.0,0.0,4.511098711920908,0.0,0.0,0.0,0.0,0.0,0.0,0.0,7.174341450162463,0.0,0.0,0.0,0.0,0.0,0.0,0.0,0.0,0.0,0.0,0.0,0.0,0.0,0.0,0.0,1.13328818212994,0.0,0.0,2.2821292195458307,0.0,0.0,1.0023881907578034,0.6120510786949948,0.0,0.0,0.0,0.0,0.0,0.0,0.0,0.0,0.0,0.0,0.0,0.0,0.0,0.0,0.0,0.0,0.0,0.0,0.0,0.0,0.0,0.0,0.0,4.37384637344143,1.0042848546925718,0.0,0.0,1.114642604776289,0.0,0.0,2.2270327440502853,0.0,0.0,0.0,0.0,0.0,0.7624134389695776,12.939157214194319,0.0,0.0,0.0,0.0,2.162990380260958,0.0,0.0,0.0,0.0,0.0,0.0,0.0,0.0,0.0,0.0,0.0,0.0,0.0,0.0,0.0,0.0,0.0,0.0,0.0,0.0,0.0,0.0,0.0,0.0,0.0,0.0,0.0,0.0,0.0,0.0,0.0,0.0
0.7060085742315807,0.3990673191544562,1.1893648747625212,9.606982804763464e-10,1.3271235659683625,0.6512793049688803,0.0,0.0,0.0,0.0,1.7823385892179466e-09,1.0614835979975514,0.0,0.45165629051740525,0.7052373534160339,1.0223688847982486,0.25366735390570905,1.1276677215112016,1.5193098668260165,5.343906316589153e-09,0.7153729982797442,0.0,0.15965455469613912,2.946141394212509e-09,2.486069984265973,0.16801984929294417,0.5704307208604307,0.6279394835397352,0.943772548127471,0.0,0.7162515217451315,0.2328523847858197,1.116656857199398,0.03245205610874474,0.08707832143929344,0.3239839276765254,1.276607478764983,0.16512787985252872,2.149019886202929,2.1234379447658323,6.0003102956478385,0.9554584090788645,0.3067109595813266,0.14447044154981087,0.0,0.4119320882874558,1.3728949072307475,0.6427127650623399,2.7507984403627948,0.0,0.8794226366180461,0.20029852443845764,0.0,0.0,0.0,0.0,0.0,0.0,0.0,0.0,0.0,0.0,0.0,0.0,0.5751734458805284,0.7020333335833485,0.0,0.0,0.0,0.0,0.0,0.0,0.0,0.0,0.0,0.0,0.0,0.0,0.0,0.0,0.0,0.0,0.0,0.0,0.0,0.0,0.0,0.0,0.7103003395029649,0.0,3.650751003667742,0.8294172834326655,0.8784770216434165,0.0,1.2565147743284146,0.0,0.0,0.0,0.0,0.0,0.0,1.3863493935031983,0.0,0.0,0.0,0.0,0.0,0.0,0.0,0.0,0.0,0.0,0.0,0.0,0.0,0.0,0.0,0.0,0.0,0.03562513862646323,0.0,0.0,2.0590266104518866,0.0,0.0,0.0,0.0,0.0,0.0,0.0,0.0,0.0,0.0,0.0,0.0,4.364475694623395,0.0,0.0,0.0,0.0,0.0,0.0,0.0,0.0,0.0,0.0,0.0,0.0,0.0,0.0,0.0,0.0,0.0,0.0,0.0,0.0,0.0,0.0,0.0,0.0,0.0,0.0,0.0,0.0,0.0,0.0,0.0,0.0,0.0,0.0,0.0
0.0,1.9846336406422225,0.0,0.0,0.0,0.0,0.0,0.0,4.110983391407779,0.0,0.0,0.0,0.0,0.0,1.723913530420161,5.977634288560813,0.0,11.08873259135185,0.0,2.61257642117374e-08,0.0,0.0,0.0,1.8473872119562085e-08,0.0,9.692878414142129,0.0,0.0,0.0,0.0,2.248395292902862,1.211057254479897e-09,1.6952287725182889,0.9574927245037493,0.1636016948192221,0.0,0.0,0.6875384537654353,0.6228051262562628,0.18485351286088825,0.0,0.0,1.4313178107592863,3.370976967745886,2.716190872475767,7.208811538027629,0.0,0.0,0.0,1.0763974023624583,0.0,5.007463111462187,2.824593557977159,0.0,0.0,0.0,0.0,0.0,0.0,0.0,0.0,0.0,0.0,0.0,0.0,0.0,0.0,0.0,0.0,0.0,0.0,0.0,0.0,0.0,0.0,0.0,0.0,0.0,0.0,0.0,0.0,0.0,0.0,0.0,0.0,0.0,0.0,0.0,0.0,0.0,0.0,0.0,0.0,0.0,0.0,4.539378833490905,0.0,0.0,0.0,0.0,0.0,0.0,0.0,0.0,0.0,0.0,0.0,0.0,0.0,0.0,0.0,0.0,0.0,0.0,0.0,0.0,0.0,0.0,0.0,0.0,0.0,0.0,0.0,0.0,0.0,0.0,0.0,0.0,0.0,0.0,0.0,0.0,0.0,0.0,0.0,51.646295707162295,0.0,0.0,0.0,0.0,0.0,0.0,0.0,0.0,0.0,0.0,0.0,0.0,0.0,0.0,0.0,0.0,0.0,0.0,0.0,0.0,0.0,0.0,0.0,0.0,0.0,0.0,0.0,0.0,0.0,0.0,0.0,0.0,0.0,0.0,0.0
1.4001514580564418,1.4884752306160434,0.7309638292782936,6.92770204396842e-09,0.6082649677366515,0.0,1.8679329465366548,3.744306264964038,1.5416187719170913,1.4130213573782318,2.190791182146712e-09,0.0,0.9966590377108213,0.2775804285460772,1.0872409197529378,0.0,0.0,0.6930457871760676,0.4008260583595997,1.7813021040841148e-09,0.0,0.0,0.5756433666652595,1.7319255113390497e-08,1.149187620924251,0.0,1.099850082785616,0.0,1.3795233867972818,0.0,1.171493988513591,0.4055846854659366,1.271421579503498,1.1960360251817481,0.7720586153970859,0.4859758914742901,0.4255358264677622,0.9954635477810699,6.050106940775125,7.043773370953406,0.0,2.4008954898057033,0.2862635622377363,2.53625886220498,0.2716190873290624,0.0,0.0,2.0486469368034723,0.0,0.5381987014503284,1.4260907639250309,0.0,0.7135815304623119,0.0,0.0,0.0,0.0,0.0,0.0,0.0,0.0,0.0,0.0,0.0,0.17883024362554367,0.524677544047436,0.0,0.0,0.0,0.0,0.0,0.0,0.0,0.0,0.0,0.0,0.0,0.0,0.0,0.0,0.0,0.0,0.0,0.0,0.0,0.0,0.0,0.0,0.5308560432084235,0.0,0.0,0.7413971897708087,0.6565459845978266,0.0,0.0,0.8433222193232592,0.0,0.0,0.0,0.0,0.0,0.0,0.0,0.0,0.0,0.0,0.0,0.0,0.0,0.0,0.0,0.0,0.0,0.0,0.0,0.0,0.0,0.0,0.0,0.0,0.4429100864798199,0.0,0.0,0.0,0.0,0.0,1.0431890222133988,0.0,0.0,0.0,0.0,0.0,0.0,0.0,0.0,0.0,0.0,0.0,0.0,0.0,0.0,0.0,0.0,0.0,0.0,0.0,0.0,0.0,0.0,0.0,0.0,0.0,0.0,0.0,0.0,0.0,0.0,0.0,0.0,0.0,0.0,0.0,0.0,0.0,0.0,0.0,0.0,0.0,0.0,0.0,0.0
0.5500595014227736,1.0631965933066665,0.41769361673418287,0.0,0.3475799815669042,0.0,0.3173322380533528,0.7354887306760429,0.8809250125319175,0.0,1.2518806755124068e-09,0.0,0.0,1.4275564896782855,0.5541150634043092,1.2809216336747564,0.5406571845113312,0.39602616410414593,1.1452173096090812,5.5983780458679355e-09,0.5024643678418788,0.0,1.3157562666751978,1.5834747532292304e-08,0.0,0.0,0.5185007532742469,0.8821054649769349,0.0,0.0,0.09715288569601532,2.860459260303588,1.4530532337312567,3.420134993832093,0.08942204437674865,2.4298794579789202,2.1276791334026512,2.0422769175490574,0.9786937698312702,0.6486356729585898,0.0,1.4699360141090931,3.0671095953605025,0.0,0.0,0.0,2.57417795030685,2.410172866774449,0.0,0.0,0.28521815255207805,0.0,1.0703722956934678,0.0,0.0,0.0,0.0,0.0,0.0,0.0,0.0,0.0,0.0,0.0,1.1396459904452485,0.0,0.0,0.0,0.0,0.0,0.0,0.0,0.6041550695219453,0.0,0.0,0.0,0.0,0.0,0.0,0.0,0.0,0.0,0.0,0.0,0.0,0.0,0.0,0.0,0.5308560432084235,0.0,0.0,1.5003471878684422,0.6565459845978266,0.0,0.0,1.720185663280227,0.0,0.0,0.0,0.0,0.0,0.0,0.0,0.0,0.0,0.0,0.0,0.0,0.0,0.0,0.0,0.0,0.0,0.0,0.0,0.0,0.0,0.0,0.0,0.8094031496000103,0.0,0.0,0.0,0.0,0.0,0.7784702444550197,0.0,0.0,0.0,0.0,0.0,0.0,1.4285220224908737,0.0,0.0,0.0,0.0,0.0,0.0,0.0,0.0,0.0,0.0,0.0,0.0,0.0,0.0,0.0,0.0,0.0,0.0,0.0,0.0,0.0,0.0,0.0,0.0,0.0,0.0,0.0,0.0,0.0,0.0,0.0,0.0,0.0,0.0,0.0,0.0,0.0,0.0
0.6696376538848425,0.7765957724777409,0.0,0.0,0.0,0.0,0.0,0.0,0.0,0.0,4.572085947687765e-09,0.0,0.0,4.055087999537822,0.6745748597752517,5.1979428593921,0.9872870325547372,0.0,0.8365065565576132,0.0,0.0,0.0,0.0,1.4457812964191463e-08,0.0,0.0,0.6312183083139362,0.0,0.0,0.0,2.2588045303046576,1.1802672970498895,0.6633503892911512,0.590994802621286,0.062055815278007465,2.4298794579789202,2.1276791334026512,0.5200931511395176,0.21130888212266075,0.29205063477442994,0.0,0.1978760008051843,1.9818246615594797,0.0,3.4474730296102427,0.0,0.0,0.0,0.0,5.202587449984369,2.8521815258297663,0.0,0.9286334985390107,0.0,0.0,0.0,0.0,0.0,0.0,0.0,0.0,0.0,0.0,0.0,0.0,1.3655990872352317,0.0,0.0,0.0,0.0,0.0,0.0,0.0,0.0,0.0,0.0,0.0,0.0,0.0,0.0,0.0,0.0,0.0,0.0,0.0,0.0,0.0,0.0,0.0,0.0,0.0,0.7810026457331487,0.0,0.0,0.0,1.4923985206414894,0.0,0.0,0.0,0.0,0.0,0.0,0.0,0.0,0.0,0.0,0.0,0.0,0.0,0.0,0.0,0.0,0.0,0.0,0.0,0.0,0.0,0.0,0.0,0.0,0.0,0.0,0.0,0.0,0.0,0.0,0.0,0.0,0.0,0.0,0.0,0.0,0.0,0.0,0.0,0.0,0.0,0.0,0.0,0.0,0.0,0.0,0.0,0.0,0.0,0.0,0.0,0.0,0.0,0.0,0.0,0.0,0.0,0.0,0.0,0.0,0.0,0.0,0.0,0.0,0.0,0.0,0.0,0.0,0.0,0.0,0.0,0.0,0.0,0.0,0.0
0.3584347628280608,0.057556507311723126,1.4320924002193067,4.762330078900145e-10,0.5122231307272862,0.0,0.5439981223725505,0.3023061449390255,0.7550785821637944,0.0,2.14608116000381e-09,0.0,0.0,0.0,0.0,1.4639104384729875,0.39837897805873446,0.5836175049922925,1.632580465419601,4.125120665193771e-09,0.8613674877216104,0.0,0.48475230877233944,7.679257261333783e-09,1.1257348123344388,0.08329004010315984,0.1715340837907065,1.2999448957481525,0.4860189805293219,0.0,0.38541571389605556,0.6079484676164519,0.6172744940180763,0.5684834709324729,0.11898305078204106,0.32398392762252803,0.0,0.21253795747925824,0.7778708923853733,0.7146448246791204,0.0,2.1662214944657,0.22599754913069361,0.5322595213724408,0.0,0.0,0.0,0.9640691481558834,0.0,0.0,1.5330475696649692,0.0,0.4901121242321004,0.0,0.0,0.0,0.0,0.0,0.0,0.0,0.0,0.0,0.0,0.0,0.006866208085449965,0.0,0.0,0.0,1.84454276388702,0.0,0.0,1.1068203458946781,0.010919850000778997,0.0,1.527763718128764,0.0,0.0,0.0,0.0,0.0,0.0,0.0,0.0,0.0,0.0,0.0,0.0,0.0,0.6716500546672596,0.0,0.0,0.01084725896851491,0.01186679386154127,6.754336154059357,1.222089712018283,1.482034642036146,0.0,3.6833659890683363,0.0,0.0,0.0,0.0,0.0,0.0,0.0,0.0,0.0,0.0,0.0,0.0,0.0,0.0,0.0,0.0,0.0,0.0,0.0,0.0,0.0,2.633332164790377,0.0,0.0,0.01390704807278309,0.0,0.0,0.0,0.0,0.0,0.0,0.0,5.010142287178584,0.0,0.0,0.0,0.0,0.0,0.0,0.0,0.0,0.0,0.0,0.0,0.0,0.0,0.0,0.0,0.0,0.0,0.0,0.0,0.0,0.0,0.0,0.0,0.0,0.0,0.0,0.0,0.0,0.0,0.0,0.0,0.0,0.0,0.0,0.0,0.0,0.0,0.0,0.0,0.0
0.8556481133226167,0.04961584102584082,0.974618439044493,4.156621226901469e-09,0.3244079827870235,0.10673744165867782,1.3327953998066286,0.28602339526233805,1.3360696023168694,0.0,4.381582367762871e-09,0.0,0.6644393584784949,1.1103217141920192,0.2585870295924743,0.19925447634402985,0.25230668609847967,0.0,0.42754779557585343,1.436917031714946e-08,1.0551751724541276,0.0,1.151286733338514,2.0321259331518293e-08,0.0,0.3230959472332048,1.8147526364159359,0.5145615212355243,0.919682257871241,1.2923377384735084,1.8997463951645117,0.8040064135852713,0.3390457545281445,1.5129863375262707,0.30291717532630785,1.4579276757593038,0.0,0.8236415065271135,0.10380085437604392,1.404224647212728,0.0,1.3691742712931783,1.8699474628969215,0.0,0.0,0.23254230790335162,0.0,0.0,0.0,0.0,3.2087042164842114,0.5007463108958455,0.2179312691007034,0.0,0.0,1.1696291840910256,0.0,0.0,0.0,0.0,0.0,0.0,0.0,0.0,0.45682012275182793,0.6309413504361177,0.0,0.0,0.0,0.0,0.0,1.0087476570185552,0.0,0.0,0.0,0.0,0.0,0.0,0.0,0.0,0.0,0.0,0.48532319045586114,0.0,0.0,0.0,0.0,0.0,0.16212601681441616,0.0,0.0,0.1346001646332906,0.7895173232497094,0.0,0.0,0.8646435873641968,0.0,0.0,0.0,0.0,0.0,1.245959581503763,0.0,0.0,0.0,0.0,0.0,0.0,0.0,0.0,0.0,0.0,0.0,0.0,0.0,0.0,0.0,0.0,0.0,0.3051321397305577,0.0,0.0,0.345136216548904,1.2557366053799894,0.0,0.0,1.254467811521104,0.0,0.0,0.0,0.0,0.6753091855671756,1.717842938436561,0.0,0.0,0.0,0.0,0.0,0.0,0.0,0.0,0.0,0.0,0.0,0.0,0.0,0.0,0.0,0.0,0.0,0.0,0.0,0.0,0.0,0.0,0.0,0.0,0.0,0.0,0.0,0.0,0.0,0.0,0.0,0.0,0.0,0.0,0.0,0.0,0.0,0.0
0.047341186601923047,0.21351079127949163,0.15577917672888586,8.176959790696936e-09,0.12963023902371867,0.0,0.0,0.09143370831943323,0.6065385332159748,0.0,2.190791182146712e-09,0.5582939689000112,0.42480549147633684,0.5551608570921543,0.27554355611210535,0.5328424008860244,0.20163854012002178,0.6930457871760676,0.11170562281312568,1.04395984044936e-09,0.0,0.0,0.9059305442641028,1.1924733027413037e-08,0.0,2.0756266282629503,0.17354191878770941,0.1644909780960419,0.0,0.0,0.42087498987051564,0.3454155288138289,0.45333474350927216,0.4506057649485655,0.05713075057393527,0.12496522923852715,0.0,0.31936044220574256,0.3415895462885116,0.07680512919170024,0.0,2.008912552633493,1.6766865784847163,0.0,0.0,0.0,0.0,0.0,0.0,0.0,0.696068110344748,0.0,0.08772855286183417,0.0,0.0,0.0,0.0,0.0,0.0,0.0,0.0,0.0,0.0,3.3553188873988122,3.0908986940803036,0.06450447453223973,0.0,0.0,0.0,0.0,0.0,0.0,0.9183157056708433,0.0,0.0,0.0,0.0,0.0,0.0,0.0,0.0,0.0,0.0,0.0,0.0,0.0,0.0,0.0,0.06526406648790642,0.0,0.0,1.5292950630205944,0.9979498965859651,0.0,0.0,2.6851760912419143,0.0,0.0,0.0,0.0,0.0,0.0,0.0,0.0,0.0,0.0,0.0,0.0,0.0,0.0,0.0,0.0,0.0,0.0,0.0,0.0,0.0,9.010107542042004,0.0,0.416128442794683,1.3144316480512326,0.0,2.1498660197358603,0.0,0.0,1.1832747715683913,0.0,0.0,0.0,0.0,0.0,0.8535908105554837,0.0,0.0,0.0,0.0,0.0,0.0,0.0,0.0,0.0,0.0,0.0,0.0,0.0,0.0,0.0,0.0,0.0,0.0,0.0,0.0,0.0,0.0,0.0,0.0,0.0,0.0,0.0,0.0,0.0,0.0,0.0,0.0,0.0,0.0,0.0,0.0,0.0,0.0,0.0
0.3667063343007666,1.98463364075248,0.0,1.1876060646183462e-08,1.622039913908083,0.0,0.0,1.4709774612645277,0.0,0.0,0.0,0.0,0.0,0.0,0.8619567652579669,0.0,0.0,0.0,2.7485215428981924,0.0,0.0,0.0,1.5350489777207248,2.7710808179343127e-08,0.0,0.0,0.0,0.0,1.8393645156658418,1.3292616737819805,0.40658481573267513,0.30589356591280725,1.6952287726124682,1.3088208039358087,0.1755725505414001,0.0,0.0,0.34732239690327465,0.8007494480437666,0.0,0.0,0.5144776056315024,2.1469767157811,0.0,1.6297145237027555,0.0,0.0,0.0,0.0,5.3819870171942785,2.852181526423971,0.0,0.7606198641778723,0.0,0.0,0.0,0.0,0.0,0.0,0.0,0.0,0.0,0.0,0.0,0.0,0.0,0.0,0.0,0.0,0.0,0.0,0.0,0.0,0.0,0.0,0.0,0.0,0.0,0.0,0.0,0.0,0.0,0.0,0.0,0.0,0.0,0.0,0.0,2.192666265389971,0.0,0.0,0.5997180203669947,0.0,0.0,0.0,1.2223853240869293,0.0,0.0,0.0,0.0,0.0,0.0,0.0,0.0,0.0,0.0,0.0,0.0,0.0,0.0,0.0,0.0,0.0,0.0,0.0,0.0,0.0,0.0,0.0,3.34318692220583,0.0,0.0,0.0,0.0,0.0,0.0,0.0,0.0,0.0,0.0,0.0,0.0,0.0,0.0,0.0,0.0,0.0,0.0,0.0,0.0,0.0,0.0,0.0,0.0,0.0,0.0,0.0,0.0,0.0,0.0,0.0,0.0,0.0,0.0,0.0,0.0,0.0,0.0,0.0,0.0,0.0,0.0,0.0,0.0,0.0,0.0,0.0,0.0,0.0,0.0,0.0
4.978316294054642,1.0825274404596494,0.3544067051084308,3.3588858404723365e-09,0.8847490439900794,0.0,0.2692515959245426,0.20801701473703382,0.37372576289300274,0.0,0.0,0.9435409760097369,0.9664572486996535,0.13458445020560295,0.4701582356166255,5.796493855515571,0.45873942928316913,0.6720443996930963,0.583019721256584,7.1252084224079915e-09,0.0,0.6796728993460899,0.8372994424311817,2.8550529640979094e-08,1.1143637536354758,9.105431237337571,0.7332333884699547,0.7484531217999615,0.3344299119544454,0.18797639832413146,1.3439846034357785,2.7574448163855707,1.2328936528651084,1.220209034400757,0.05836601004595188,0.24298794577764304,0.6383037397016433,0.27537238526637564,3.0428479025663133,3.416240957318115,0.0,1.028955209884205,0.0,0.8090344724963295,0.0,0.0,2.57417795030685,1.2050864327846813,0.0,0.0,3.5652269071386566,0.0,0.31677684763532543,0.0,0.0,0.8635579957321875,2.82556568494214,0.0,0.0,0.0,0.0,0.0,0.0,0.0,0.3372784083874223,0.4658352026592135,0.0,0.0,0.0,0.0,0.0,0.0,0.0,0.0,0.0,0.0,0.0,0.0,0.0,0.0,0.0,0.0,0.0,0.0,0.0,0.0,4.144751730521867,0.0,0.0,0.0,0.0,2.6641679036931984,0.0,0.0,1.66752427995381,0.5090892149897759,0.0,2.512950628061437,0.0,0.0,0.0,0.0,0.0,0.0,0.0,0.0,0.0,0.0,0.0,0.0,0.0,0.0,0.0,0.0,0.0,0.0,0.0,0.0,0.0,1.0779434468978462,0.0,0.0,0.0,0.0,0.0,0.0,0.0,0.0,0.0,0.0,0.0,0.0,0.0,0.0,0.0,29.512168978683327,0.0,0.0,0.0,0.0,0.0,0.0,0.0,0.0,0.0,0.0,0.0,0.0,0.0,0.0,0.0,0.0,0.0,0.0,0.0,0.0,0.0,0.0,0.0,0.0,0.0,0.0,0.0,0.0,0.0,0.0,0.0,0.0,0.0,0.0,0.0
0.23958147169844546,2.9769504611287196,0.0,0.0,1.167868738055344,2.1347488328711366,0.0,0.0,0.7399770105208205,0.0,6.309478607982588e-09,0.0,0.0,0.2072600532882582,0.8619567652579669,0.6376143242775162,0.4541520349858418,0.6653239556895792,1.154379048076609,4.7026375588760105e-09,1.6882802759350457,0.0,1.6578528959973289,1.4779097702588562e-09,1.1032201160882003,1.0339070311083451,0.7420321890668934,0.0,0.0,1.116579806034288,0.860649480972546,1.152780714276208,1.932560800756515,0.5792911578812837,0.1346653406359245,1.2959357113000718,0.0,0.35416580675976,0.01694707826547648,0.04290378038867407,0.0,1.4699360141090931,0.48562568597361333,0.0,0.38802726760740314,0.9011014430419175,2.57417795030685,2.410172866774449,0.0,0.21527948064471525,0.8556544575421466,1.0014926212909447,0.551140206453051,0.0,0.0,0.0,0.0,0.0,0.0,0.0,0.0,0.0,0.0,0.0,1.1736191771489237,0.0,0.0,0.0,0.0,0.0,0.0,3.125139800133634,1.3175261200182469,0.0,0.0,0.0,0.0,0.0,0.0,0.0,0.0,0.0,0.0,0.0,0.0,0.0,0.0,0.0,0.0,0.0,0.0,0.4635218954377019,1.014176724172597,0.0,2.9012211049502565,0.0,0.0,0.0,0.0,0.0,0.0,0.0,0.0,0.0,0.0,0.0,0.0,0.0,0.0,0.0,0.0,0.0,0.0,0.0,0.0,0.0,0.0,0.0,0.0,0.0,1.4533553181693388,0.0,0.0,0.0,0.0,0.0,0.0,0.0,0.0,0.0,0.0,0.8674703359302567,0.0,0.0,0.0,0.0,0.0,0.0,0.0,0.0,0.0,0.0,0.0,0.0,0.0,0.0,0.0,0.0,0.0,0.0,0.0,0.0,0.0,0.0,0.0,0.0,0.0,0.0,0.0,0.0,0.0,0.0,0.0,0.0,0.0,0.0,0.0,0.0,0.0,0.0,0.0
0.6696376538993999,0.7765957724946235,0.0,0.0,0.0,0.8353364998473887,0.0,1.3430663777430443,0.0,1.474457068567254,0.0,0.0,0.0,0.5792982856608537,0.6745748597899164,5.197942860371423,1.4809305488642996,0.0,4.740203819666737,0.0,0.0,0.0,0.6006713391284224,1.204817749907161e-09,0.0,0.0,1.2624366166553167,0.0,0.7197513322414081,0.0,0.932667677956841,1.1790183379956858,0.6633503893055719,0.17478041805445355,0.8598177960700102,0.36448191860571755,2.1276791334026512,0.09516165428368917,0.6291602806058165,0.7707955949093791,0.0,2.1184371967805453,3.2836114472194726,1.7846348657671336,0.0,0.0,2.57417795030685,1.1247473374531607,0.0,0.0,1.2478294171865725,0.0,0.0,4.549621757413448,0.0,0.0,0.0,0.0,0.0,0.0,0.0,0.0,0.0,0.0,0.0,0.0,0.0,0.0,0.0,0.0,13.31413347623276,0.0,0.0,0.0,0.0,0.0,0.0,0.0,0.0,0.0,0.0,0.0,3.8424394812505356,0.0,0.0,0.0,0.0,0.0,1.8852831440969844,0.0,0.0,0.5328335807361497,1.1658293184399793,4.6080984976177755,3.335048559892035,0.0,0.0,5.025901256099387,0.0,0.0,0.0,0.0,0.0,0.0,0.0,0.0,0.0,0.0,0.0,0.0,0.0,0.0,0.0,0.0,0.0,0.0,0.0,0.0,0.0,0.718628964595206,1.6706794778935645,6.87914796450834,5.465079975392418,0.0,0.0,1.3823303406154193,0.0,0.0,0.0,0.0,0.0,0.0,0.0,1.9348272470851724,2.580027570988078,0.0,0.0,0.0,0.0,0.0,0.0,0.0,0.0,0.0,0.0,0.0,0.0,0.0,0.0,0.0,0.0,0.0,0.0,0.0,0.0,0.0,0.0,0.0,0.0,0.0,0.0,0.0,0.0,0.0,0.0,0.0,0.0,0.0,0.0,0.0,0.0
2.2002380054029684,0.0,0.0,0.0,0.0,0.0,0.0,0.0,0.0,0.0,0.0,0.0,0.0,1.903408652655125,0.0,0.0,4.541520349040944,0.0,0.0,0.0,0.0,0.0,3.94726879950869,9.500848516773297e-09,0.0,0.0,0.0,0.0,0.0,2.658523347374067,1.9673458807747473,4.0193870454174885e-10,0.0,0.0,0.0,2.4298794579789202,2.1276791334026512,0.45229995620676233,0.2372590957166716,0.04357039082336289,0.0,0.0,1.7175813731401546,0.0,1.6297145237027555,7.208811538027629,0.0,0.0,0.0,0.5381987014503284,0.0,5.007463111462187,0.0,0.0,0.0,0.0,0.0,0.0,0.0,0.0,0.0,0.0,0.0,0.0,0.0,16.614788892153786,0.0,0.0,0.0,0.0,0.0,0.0,0.0,0.0,0.0,0.0,0.0,0.0,0.0,0.0,0.0,0.0,0.0,0.0,0.0,0.0,0.0,0.0,0.0,0.0,0.0,9.502198854966442,0.0,0.0,0.0,0.0,0.0,0.0,0.0,0.0,0.0,0.0,0.0,0.0,0.0,0.0,0.0,0.0,0.0,0.0,0.0,0.0,0.0,0.0,0.0,0.0,0.0,0.0,0.0,0.0,0.0,0.0,0.0,0.0,0.0,0.0,0.0,0.0,0.0,0.0,0.0,7.621346522333407,0.0,34.50441923425731,0.0,0.0,0.0,0.0,0.0,0.0,0.0,0.0,0.0,0.0,0.0,0.0,0.0,0.0,0.0,0.0,0.0,0.0,0.0,0.0,0.0,0.0,0.0,0.0,0.0,0.0,0.0,0.0,0.0,0.0,0.0,0.0,0.0,0.0,0.0,0.0,0.0
0.8400908748949628,1.0515980849593713,0.0,6.045994511462427e-09,0.530849426389758,0.0,2.0540050316758958,0.37443062652363523,1.761850025000912,0.0,1.911963214487611e-09,0.0,0.0,1.2112600518406393,0.7388200845126925,0.5278949762738723,1.081314368984044,0.0,0.6996236655022473,2.5040018169185385e-08,0.0,0.0,0.0,3.742758508500088e-09,0.0,0.0,0.12569715222671518,0.0,1.8059215245394116,1.3534300679228097,1.056413804587855,0.39365630167303367,0.8982510898945466,1.7769261000053977,0.7515285839798092,1.9439035668691118,0.0,0.9036193338762373,0.5857333925505331,1.9796354747014058,0.0,2.7137280261208674,0.4561342475163327,1.5558355240337964,0.6268132784484681,0.0,0.0,2.0486469368486633,0.0,0.5381987015848781,3.0304428712015543,0.0,0.0,0.0,0.0,0.0,2.935296391152952,0.0,0.0,0.0,0.0,0.0,0.0,0.0,1.0511297970130375,0.0,0.0,0.0,0.0,0.0,0.0,0.0,0.0,0.0,0.0,0.0,0.0,0.0,0.0,0.0,0.0,0.0,0.9979151079991602,0.0,0.0,0.0,0.0,0.0,0.0,0.0,0.0,0.8302892204712248,0.6055521217166895,0.0,0.0,0.0,0.0,0.0,0.0,0.0,0.0,0.0,0.0,2.747652788842497,0.0,0.0,0.0,0.0,0.0,0.0,0.0,0.0,0.0,0.0,0.0,0.0,0.0,0.0,0.0,0.37326844277685634,0.8677801171622052,0.0,0.7096645113708921,0.0,0.0,0.0,0.0,0.0,0.0,0.0,0.0,0.5179555889309277,0.0,0.0,0.0,0.0,0.0,0.0,0.0,0.0,0.0,0.0,0.0,0.0,0.0,0.0,0.0,0.0,0.0,0.0,0.0,0.0,0.0,0.0,0.0,0.0,0.0,0.0,0.0,0.0,0.0,0.0,0.0,0.0,0.0,0.0,0.0,0.0,0.0,0.0,0.0
0.5208292863610329,0.21572104790918092,0.9746184390309567,3.614453240180504e-09,0.0,0.0,0.16096562799202327,1.7907551703240592,0.8043228375212321,1.8840284764912254,2.286042972976521e-09,2.030664274432105,1.0399920393494804,1.4482457141521343,0.5246693353869522,0.9962723817312189,1.2615334305064154,0.0,0.6506162106636106,3.691684073887924e-09,0.0,0.0,1.5350489777633651,8.835330143723563e-09,0.0,0.4565486211031054,0.7539552016014157,0.0,0.7197513322414081,0.4045579007363573,0.0492606167779322,0.05290466904361696,0.14741119762857882,0.11764066590024214,0.12968174798329438,0.9314537918843945,1.0638395661694056,0.0024135202222023977,0.6243939148436513,0.9689475504452298,0.0,0.3118046090177417,0.36433544281932284,0.45967867755222525,0.5432381746400169,0.0,0.0,0.0,0.0,0.2690993507924391,0.17826134531236748,0.0,0.9286334985453712,0.0,0.0,0.0,0.0,0.0,0.0,0.0,0.0,0.0,0.0,0.0,0.15588148085854217,0.6827995436222927,0.0,0.0,0.0,0.0,0.0,1.435875043319861,0.0,0.0,0.0,0.0,0.0,0.0,0.0,0.0,0.0,0.0,0.0,0.0,0.0,0.0,0.0,0.0,1.3816801124580889,0.0,0.0,0.2673702751187934,2.2476349022183744,0.0,1.222089712018283,0.7461992603258557,0.0,0.0,0.0,0.0,0.0,0.0,0.0,0.0,0.0,0.0,0.0,0.0,0.0,0.0,0.0,0.0,0.0,0.0,0.0,0.0,0.0,0.0,0.0,0.36060044058540364,1.6104748120240682,0.0,1.0013074612473436,0.0,0.0,0.3194389192626822,0.0,0.0,0.0,0.0,0.0,0.7308140501339606,0.0,0.0,0.0,0.0,0.0,0.0,0.0,0.0,0.0,0.0,0.0,0.0,0.0,0.0,0.0,0.0,0.0,0.0,0.0,0.0,0.0,0.0,0.0,0.0,0.0,0.0,0.0,0.0,0.0,0.0,0.0,0.0,0.0,0.0,0.0,0.0,0.0,0.0,0.0
0.06545941850417916,0.6995020209462413,1.1503693050988155,0.0,0.0,0.7115829443167339,1.3109462949030486,0.46889081190186654,1.1344517010165203,0.0,6.065578504743652e-09,0.0,0.0,1.2336907935409764,0.2543478979549347,1.1378192775099691,1.1167672991495403,1.090695009331113,0.5899225048386342,7.2095688134765634e-09,3.36989763640511,0.0,0.05871772046047479,1.6454869702919872e-08,0.0,0.29131601800713836,0.6302601748911221,0.0,0.0,0.5706059522870601,0.13842233316937985,0.20799704031579436,0.6206575287973931,0.6612097427897783,0.047135593194519015,1.214939728300994,2.127679131274972,0.617087427825396,0.8021617045658894,0.49072784587145146,0.0,0.8139807948566269,0.6271088178462751,0.0,1.4379834034701464,0.0,0.0,0.0,0.0,0.538198701629728,0.7130453813088904,0.0,0.37247387579068103,0.0,0.0,0.0,0.0,0.0,0.0,0.0,0.0,0.0,0.0,0.0,0.12048003237344641,0.0,2.4359317326391103,0.0,0.0,0.0,0.0,1.0087476570185552,0.7265155899306788,0.0,1.392392249434667,0.0,0.0,0.0,0.0,0.0,0.0,0.0,1.1295083090532714,0.0,0.0,0.0,0.0,0.0,0.0,0.0,0.0,0.26567561137268747,3.1580692929988374,0.0,0.0,0.5985994066358381,0.0,0.0,0.0,0.0,0.0,1.245959581503763,0.0,0.0,0.0,0.0,0.0,0.0,0.0,0.0,0.0,0.0,0.0,0.0,0.0,0.0,0.0,0.0,0.0,0.5508422464057997,1.1314095198427256,0.0,0.0,0.0,0.0,0.0,0.0,0.0,0.0,0.0,4.5662056288237975,0.0,0.0,0.0,0.0,0.0,0.0,0.0,0.0,0.0,0.0,0.0,0.0,0.0,0.0,0.0,0.0,0.0,0.0,0.0,0.0,0.0,0.0,0.0,0.0,0.0,0.0,0.0,0.0,0.0,0.0,0.0,0.0,0.0,0.0,0.0,0.0,0.0,0.0,0.0,0.0
0.06664983500655874,1.4364081201401238,1.7840473121437816,1.4150199920646978e-08,0.6212067755605603,0.16628407786085714,0.0,0.6980909986042482,0.0,0.0,6.712211286785674e-09,0.0,0.0,0.22102329110916913,0.2014237230064344,0.07760361862664808,0.4831404627502788,1.4155828844441065,0.08325849607324703,7.970572132864895e-09,0.0,0.0,0.23914214150264895,4.8566364142105245e-09,0.9349323017725135,0.4928582246038373,0.2408326614600389,0.6279394835397352,0.14327541846040653,0.0,1.0409167848466152,1.1936355048422511,0.18706815883841288,1.2084855131989904,0.13429989873729958,1.457927675273328,0.0,0.7085759832683228,1.0988061870378354,0.004648761796973877,0.0,1.6291790822196213,0.6083100697214942,0.0,0.0,0.0,0.0,0.0,0.0,0.0,0.4159431388641226,0.0,0.06315861372053208,0.0,0.0,2.640020158374738,0.0,0.0,0.0,0.0,0.0,0.0,0.0,0.0,0.5828003305160363,0.0,0.0,0.0,0.0,0.0,0.0,0.0,0.7129780323544147,0.0,0.0,0.0,0.0,0.0,0.0,0.0,0.0,0.0,1.2768354797984351,0.0,0.0,0.0,0.0,0.0,0.7204474872100777,0.0,0.0,0.708238424086295,0.0,0.0,2.5489299707802417,0.6766775901095929,0.0,0.0,0.0,0.0,0.0,1.4061543848388167,0.0,0.0,0.0,0.0,0.0,0.0,0.0,0.0,0.0,0.0,0.0,0.0,0.0,0.0,0.0,0.0,0.0,0.4775981317511061,0.0,0.0,0.0,0.0,0.0,0.0,0.0,0.0,0.0,0.0,0.0,0.7621346522823353,0.0,0.0,0.0,0.0,0.0,0.0,0.0,0.0,0.0,0.0,0.0,0.0,0.0,0.0,0.0,0.0,0.0,0.0,0.0,0.0,0.0,0.0,0.0,0.0,0.0,0.0,0.0,0.0,0.0,0.0,0.0,0.0,0.0,0.0,0.0,0.0,0.0,0.0,0.0
0.5754468630268335,0.8832710159739312,0.0,2.3752121294101647e-09,0.0,0.5489354141895182,0.029292206589019876,0.5883909845394334,0.5285550075178921,1.0434619254542257,0.0,0.6158937799430294,1.4719887326270795,0.029283210044162566,0.4091926622058094,0.9853243335942267,0.2994409021905621,0.47523139692384364,0.232567207489941,3.6174135067609803e-09,0.0,1.0351941082293443,0.4250904861551232,9.318139893368937e-09,0.7880143686389316,0.31954544232789084,0.46266221061210555,1.1399516778123797,0.036383034376749654,0.0,0.5208081269939873,0.15503478550040511,0.11736199195648517,0.6210223482412262,0.026859979747459906,0.017356281838057597,0.0,0.1517373018335373,0.08897216089375193,0.4405545946012278,1.866763203099328,0.465479737783597,0.38850054873096096,2.6967815749158506,0.0,0.48058743631705697,0.5148355921207125,1.928138293540068,0.22923320353549115,0.0,3.565228667845588e-11,0.25037315551051603,1.8446325277228643,0.0,0.0,0.0,0.0,0.0,0.0,0.0,0.0,0.0,0.0,0.0,0.05776516958325972,1.3031206976324963,0.0,0.0,0.0,0.0,0.0,0.0,0.0,0.0,0.0,0.0,0.0,0.0,0.0,0.0,0.0,0.0,0.0,0.0,0.0,0.0,0.0,0.0,1.3722809280196624,0.0,0.0,0.0608384080443275,0.0,0.0,0.0,0.7411230748814966,0.0,0.0,0.0,0.0,0.0,0.0,0.0,0.0,0.0,0.0,0.0,0.0,0.0,0.0,0.0,0.0,0.0,0.0,0.0,0.0,0.0,0.0,0.0,0.5435967531317557,0.0,0.0,0.0,0.0,0.0,1.0061860302464356,0.0,0.0,2.5720899879168613,0.0,0.0,0.6973781131999457,0.0,0.0,0.0,1.4053413801285044,0.0,0.0,0.0,0.0,0.0,0.0,0.0,0.0,0.0,0.0,0.0,0.0,0.0,0.0,0.0,0.0,0.0,0.0,0.0,0.0,0.0,0.0,0.0,0.0,0.0,0.0,0.0,0.0,0.0,0.0,0.0,0.0,0.0,0.0,0.0
1.310780088484538,0.7600724581865789,0.0,0.0,0.0,0.0,0.0,0.8763269982440939,0.0,2.8861712831542583,0.0,0.0,0.0,1.1339455804430467,0.0,0.0,2.523066860802575,0.0,1.228062817101208,0.0,0.0,4.294954278798571,0.0,3.5375499812459466e-09,0.0,0.0,0.9953253229159442,1.5765289161142153,2.113312422326814,3.3435801910586544,1.311563921337388,1.5419741163325704,0.6492365512355409,0.8525193789228853,0.0,0.3471256359714404,2.1276791334026512,0.08010833061730716,0.32252408323985043,0.3278447731364833,0.0,0.23745120214556237,1.4533380852493158,1.5558355239739567,0.6268132784243599,0.0,0.0,1.9281382936605764,0.0,0.15377105761215495,0.5093181289072951,0.0,0.6335536952676902,0.0,0.0,0.0,0.0,0.0,0.0,0.0,0.0,0.0,0.0,0.0,0.6745568167716922,0.0,0.0,0.0,0.0,0.0,0.0,0.0,0.0,0.0,0.0,0.0,0.0,0.0,0.0,0.0,0.0,0.0,0.0,0.0,0.0,0.0,0.0,0.0,0.0,0.0,0.0,0.5328335807361497,0.0,0.0,1.6675242799460175,2.0363568599495876,0.0,0.0,0.0,0.0,0.0,0.0,0.0,0.0,0.0,0.0,0.0,0.0,0.0,0.0,0.0,0.0,0.0,0.0,0.0,0.0,0.0,0.0,0.0,0.0,0.0,0.0,0.0,0.0,0.0,1.3823303406154193,0.0,0.0,0.0,0.0,0.0,0.9971855263485221,0.0,0.0,0.0,0.0,0.0,0.0,0.0,0.0,0.0,0.0,0.0,0.0,0.0,0.0,0.0,0.0,0.0,0.0,0.0,0.0,0.0,0.0,0.0,0.0,0.0,0.0,0.0,0.0,0.0,0.0,0.0,0.0,0.0,0.0,0.0,0.0,0.0,0.0,0.0
2.32629330770411,1.8605940378301007,0.0,0.0,0.4561987258048646,0.0,2.0824928122173807,1.6088815983478586,0.0,0.0,0.0,0.0,0.0,0.0,1.212126701192417,0.2802016073653105,0.0,0.5197843403847578,1.8037172626275928,3.5514710723487386e-08,0.0,0.0,0.0,3.4638510263210187e-09,1.7237814313953543,0.0,1.2854497837888172,0.0,0.0,0.0,1.0969443706515682,3.20164462515999,1.5892769740035744,1.4502254502285976,0.28535179327280896,0.0,0.0,0.19745092099404393,1.156638091618774,1.3971428566978144,0.6667011439926187,3.5523453675148886,0.5111849325722548,0.24078406919923456,4.074286308034603,0.1716383701205906,2.57417795030685,2.410172866774449,0.9169328134542649,5.3819870171942785,3.5652269071386566,0.20029852441842777,0.0,0.0,0.0,0.8635579957321875,0.0,0.0,0.0,0.0,0.0,0.0,0.0,0.0,5.340241465661057,0.931670405318427,0.0,0.0,0.0,0.0,0.0,0.0,0.0,0.0,0.0,0.0,0.0,0.0,0.0,0.0,0.0,0.0,2.881829610951369,0.0,0.0,0.0,0.0,0.0,0.0,0.0,0.0,0.7992503711079596,9.812396762764642,0.0,0.0,0.0,0.0,0.0,0.0,0.0,0.0,0.0,0.0,0.0,0.0,0.0,0.0,0.0,0.0,0.0,0.0,0.0,0.0,0.0,0.0,0.0,0.0,0.0,0.0,5.329831486935311,0.0,0.0,0.0,0.0,0.0,0.0,0.0,0.0,0.0,0.0,0.0,0.0,0.6341569726014631,0.0,0.0,0.0,0.0,0.0,0.0,0.0,0.0,0.0,0.0,0.0,0.0,0.0,0.0,0.0,0.0,0.0,0.0,0.0,0.0,0.0,0.0,0.0,0.0,0.0,0.0,0.0,0.0,0.0,0.0,0.0,0.0,0.0,0.0,0.0,0.0,0.0,0.0
0.497703661677584,1.637147844705632,1.339957195860602,7.22890648122837e-09,0.15438922799934984,1.038526459264235,0.14095368505258024,0.21779454773622892,0.999968933129217,0.0,0.0,0.0,1.0399920393494804,0.21919394592763267,1.0118622896848746,0.3898457145928311,0.9872870325762,0.0,0.2147787104776636,3.86820950791511e-09,0.0,0.0,0.7467805837773329,5.275147972952365e-09,1.1991523000937843,1.264288489195092,0.6226883311797959,0.0,0.0,0.5029638765884872,0.6822054099318154,0.27911076535808577,2.22312022360341,0.32290444736880297,0.07851809432247953,0.4512633275855604,1.7021433071476566,0.16817579350062975,0.7340203273734527,1.5246962913202038,0.0,0.32154850311574396,0.6709302239759642,1.7065570904463585,0.0,0.0,0.0,1.7215520453842363,0.0,0.0,1.663772556015043,0.0,0.24864379912502177,0.0,0.0,0.0,0.0,0.0,0.0,0.0,2.283631479794313,0.0,0.0,2.3766842119125893,0.0,0.0,2.710402913779612,0.0,0.0,0.0,1.2097590710409085,0.0,0.5978617875477912,0.0,0.0,0.0,0.0,0.0,0.0,0.0,0.0,0.0,1.4476796637139242,0.0,0.0,0.0,0.0,0.0,0.36994809348920077,0.0,2.7000345964675523,0.8030027202661882,1.9491208917749046,0.0,0.0,0.7672189577996754,0.0,0.0,0.0,0.0,0.0,1.3863493935031983,0.0,0.0,0.0,0.0,0.0,0.0,0.0,0.0,0.0,4.0265517835759725,0.0,0.0,0.0,0.0,0.0,0.0,0.0,0.8009718667917207,0.9310557507049532,0.0,1.2976157284604697,0.0,0.0,0.0,2.7916325946506073,0.0,0.0,0.0,0.0,0.7514003614051947,0.0,0.0,1.9441052823687344,0.0,0.0,0.0,0.0,0.0,0.0,0.0,0.0,0.0,0.0,0.0,0.0,0.0,0.0,0.0,0.0,0.0,0.0,0.0,0.0,0.0,0.0,0.0,0.0,0.0,0.0,0.0,0.0,0.0,0.0,0.0,0.0,0.0,0.0,0.0,0.0
0.8556481132869648,0.9923168203762399,1.9492368780077676,0.0,0.0,0.0,0.0,2.2881871620033634,0.0,0.0,0.0,0.0,0.0,0.7402144760971704,0.0,0.9962723817035446,1.2615334304713726,0.0,1.0688694889218189,0.0,0.0,0.0,0.0,9.236936060648404e-09,0.0,0.0,0.0,0.0,0.0,0.0,1.3490371768113112,0.729934694813005,1.6952287726124682,7.964051109283241,0.06921610165610137,0.4859758911098081,2.1276791334026512,4.582045343100988,0.8304068350083504,1.0342806882022313,0.0,0.6430970061229649,3.220465074879325,0.0,0.0,0.0,2.57417795030685,2.410172866774449,0.0,0.0,0.11884089688481514,0.0,0.0,0.0,0.0,0.0,0.0,0.0,0.0,0.0,0.0,0.0,0.0,0.0,1.2029596565673777,0.0,0.0,0.0,0.0,0.0,0.0,2.6563688301214015,0.0,0.0,0.0,0.0,0.0,0.0,0.0,0.0,0.0,0.0,0.0,0.0,0.0,0.0,0.0,0.0,0.0,0.0,0.0,0.0,0.0,0.0,0.0,0.0,0.0,0.0,0.0,0.0,0.0,3.281026897925991,0.0,0.0,0.0,0.0,0.0,0.0,0.0,0.0,0.0,0.0,0.0,0.0,0.0,0.0,0.0,0.0,0.0,0.0,0.0,0.0,0.0,0.0,0.0,0.0,0.0,0.0,0.0,0.0,0.0,0.0,0.0,0.0,0.0,0.0,0.0,0.0,0.0,0.0,0.0,0.0,0.0,0.0,0.0,0.0,0.0,0.0,0.0,0.0,0.0,0.0,0.0,0.0,0.0,0.0,0.0,0.0,0.0,0.0,0.0,0.0,0.0,0.0,0.0,0.0,0.0,0.0,0.0,0.0,0.0
0.5956825899597626,0.0958374393949272,0.0,0.0,0.0,0.068724308504653,0.0,0.6905997471103962,0.45493779989917105,0.0,1.1049463254086955e-09,0.0,0.0,0.23531969261132224,0.027749111155896372,0.9782312319753423,0.04061274625363917,0.0,0.40862213863678454,0.0,0.6699524904531798,0.0,0.29033119499499366,1.2638061410753798e-08,0.7769155747145959,0.4615656389152015,0.15254795245050495,0.0,1.6358131105757536,1.0484317427614016,0.04098637255331539,0.33424784592201445,0.6207880012610816,0.4455187123406832,0.0,1.9439035640342524,0.0,0.1926489409813556,1.5668986112955186,0.43728420819375047,0.0,0.4582391623388883,1.9644402346872252,0.0,0.0,0.0,0.0,0.0,0.0,0.0,1.693482780233523,0.0,0.8573472211575341,0.0,0.0,0.0,4.446110710117628,0.0,0.0,0.0,0.0,0.0,0.0,0.0,0.6297847613845972,0.13682767325038814,0.0,0.0,0.0,0.0,0.0,0.0,0.0,0.0,0.0,0.0,0.0,0.0,0.0,0.0,0.0,0.0,0.0,0.0,0.0,0.0,0.0,0.0,0.7416371191866888,6.707366763634445,6.912088566946855,0.5365947589533977,0.0,0.0,0.0,0.6515343737714601,0.0,0.0,0.0,0.0,0.0,0.0,0.0,4.161885841912795,0.0,0.0,0.0,0.0,0.0,0.0,0.0,0.0,0.0,0.0,0.0,0.0,0.0,0.0,0.0,0.4598520835224935,0.0,0.0,0.10032708092033804,0.0,0.0,0.0,0.0,0.0,0.0,0.0,0.0,0.7113256754638515,0.0,0.0,0.0,0.0,0.0,0.0,0.0,0.0,0.0,0.0,0.0,0.0,0.0,0.0,0.0,0.0,0.0,0.0,0.0,0.0,0.0,0.0,0.0,0.0,0.0,0.0,0.0,0.0,0.0,0.0,0.0,0.0,0.0,0.0,0.0,0.0,0.0,0.0,0.0
0.7216165207449643,0.8285498486550601,1.6193660217945816,2.5579207545492477e-09,0.4423745219928054,0.017913976220346073,0.41009089225213663,0.31202552210397483,1.1211772886733458,0.0,2.4512348748007007e-11,0.0,0.7359943663135398,1.0031717865275622,0.24231232143184886,0.5559617906512412,0.01058629452170301,1.008066599534553,0.5650806529076495,1.4250416843948621e-08,0.0,0.0,0.8308586774853064,7.324954890038093e-09,0.8486308585333014,1.3420908577694721,0.2064334001376298,0.561339841347136,0.49392725457649717,0.0,1.0477753975212825,0.5050742621488908,0.7077283757274276,0.025488810948421203,0.06100402179925399,1.7819116015729213,0.0,0.22093766265119377,0.37972047238583373,0.07554770190103244,0.0,0.08574626739745872,0.25763720591920936,0.0,0.027161908703299653,0.0,0.0,0.0,0.0,0.01630905157936363,0.054018589542205564,0.0,0.27538557791454754,0.0,0.0,0.0,0.0,0.0,0.0,0.0,0.0,0.0,0.0,0.0,1.3597133388923432,0.7609826974715765,2.9379939981410486,0.0,0.0,0.0,0.0,0.0,0.8762554443427288,0.0,0.0,0.0,0.0,0.0,0.0,0.0,0.0,0.0,1.5692405515057684,0.0,0.0,0.0,0.0,0.0,0.5898400480090145,0.0,0.0,1.9444703164174229,0.22274672929344552,0.0,0.0,1.274211602429053,0.0,0.0,0.0,0.0,0.0,0.0,0.0,0.0,0.0,0.0,0.0,0.0,0.0,0.0,0.0,0.0,0.0,0.0,0.0,0.0,0.0,0.0,0.0,0.274606666528705,2.729201589846068,0.0,0.2610435058098166,0.0,0.0,0.0,0.0,0.0,0.0,0.0,0.0,0.0,2.07190217002002,1.580355079682961,1.6144032169397076,1.2081004846730257,0.0,0.0,0.0,0.0,0.0,0.0,0.0,0.0,0.0,0.0,0.0,0.0,0.0,0.0,0.0,0.0,0.0,0.0,0.0,0.0,0.0,0.0,0.0,0.0,0.0,0.0,0.0,0.0,0.0,0.0,0.0,0.0,0.0,0.0,0.0
0.8647121823608793,2.743587819002082,0.0,0.0,1.329935268363198,0.0,0.0,0.5890142800137056,0.0,0.0,0.0,4.749689319880894,1.368294610963636,0.45165629051740525,0.44376163971382143,0.20896391052618934,0.7697492118427581,0.0,0.5502866224410512,0.0,0.0,0.0,1.4049600813579548,9.334784959770526e-09,0.0,1.478574673811512,0.2460681540950116,1.8838184506192057,2.069285080109702,0.0,1.0768050014569255,2.0427352810518533,2.779887860107414,0.5709304758343993,0.0,0.14579276746415604,0.8510716525099886,0.6273699293584021,0.026691648268125645,1.3059986829785917,0.0,0.5802379001043738,0.35513900588749703,0.3041482981878074,0.0,0.0,0.0,0.24101728639625797,0.0,0.0,0.4583863161846406,0.0,1.43707391548675,0.0,0.0,1.2833431325435298,0.0,0.0,0.0,0.0,0.0,0.0,0.0,0.0,1.5036995707238416,0.6922828706169808,2.672758428866268,0.0,1.84454276388702,0.0,0.0,1.1068203458946781,0.0,0.0,0.0,0.0,0.0,0.0,0.0,0.0,0.0,0.0,0.0,0.0,0.0,0.0,0.0,0.0,1.0690850869964108,0.0,0.0,1.1877748570605196,0.8662759518984535,0.0,0.0,3.0660716683010287,0.0,0.0,0.0,0.0,0.0,1.3670945408157875,0.0,0.0,0.0,0.0,0.0,0.0,0.0,0.0,0.0,0.0,0.0,0.0,0.0,0.0,0.0,0.0,0.0,0.2810427602630101,0.0,0.0,1.0152145093201266,0.0,0.0,1.0271482392097573,1.3764299598625869,0.0,0.0,0.0,0.0,0.7409642452746397,0.0,1.4376841349903513,0.0,1.434619325547645,0.0,0.0,0.0,0.0,0.0,0.0,0.0,0.0,0.0,0.0,0.0,0.0,0.0,0.0,0.0,0.0,0.0,0.0,0.0,0.0,0.0,0.0,0.0,0.0,0.0,0.0,0.0,0.0,0.0,0.0,0.0,0.0,0.0,0.0,0.0
